frame,y,x,mass,size,ecc,signal,raw_mass,ep,frame.1,particle,category,label
1,740.1239999999998,8.577,80.961,612,0.695,198.35,37.723,0.195,1,9,wt,_none_
2,746.067,10.273,83.66,750,0.782,210.593,39.832,0.213,2,9,wt,_none_
3,750.2719999999998,12.42,112.249,938,0.7440000000000001,259.605,41.15,0.175,3,9,wt,_none_
4,754.546,15.550999999999998,124.33,1145,0.835,216.492,42.8,0.307,4,9,wt,_none_
5,755.6389999999999,19.471,120.579,1256,0.764,302.416,42.517,0.173,5,9,wt,_none_
6,754.6510000000002,23.579,155.726,1360,0.722,396.098,45.47,0.109,6,9,wt,_none_
7,758.9019999999998,24.91,19.722,1432,0.7090000000000001,385.955,45.41,0.121,7,9,wt,_none_
8,761.123,29.067,155.225,1476,0.7240000000000001,380.884,44.886,0.128,8,9,wt,_none_
9,761.33,31.044,140.332,1410,0.735,351.42800000000005,44.719,0.14300000000000002,9,9,wt,_none_
10,758.75,32.007,157.797,1273,0.726,336.801,44.355,0.141,10,9,wt,_none_
11,759.0889999999998,35.243,6.981,1209,0.7509999999999999,347.085,41.155,0.126,11,9,wt,_none_
12,757.296,39.001,156.80100000000004,1189,0.754,327.0440000000001,42.54600000000001,0.14,12,9,wt,_none_
13,751.916,37.69,162.216,1393,0.745,399.37,46.563,0.11,13,9,wt,_none_
14,753.7860000000002,42.323,159.326,1460,0.73,416.825,47.018,0.106,14,9,wt,_none_
15,748.637,42.58600000000001,170.87,1461,0.731,367.571,46.858,0.136,15,9,wt,_none_
16,747.062,42.315,168.05599999999995,1194,0.775,306.274,43.122,0.16,16,9,wt,_none_
17,747.1460000000002,44.815,139.899,1154,0.7559999999999999,303.002,40.798,0.158,17,9,wt,_none_
18,746.1360000000002,46.469,176.248,1441,0.721,432.34,48.42,0.097,18,9,wt,_none_
19,744.687,46.962,138.094,1371,0.7609999999999999,326.801,45.427,0.161,19,9,wt,_none_
20,741.171,47.224,6.582000000000002,1270,0.75,310.316,43.503,0.166,20,9,wt,_none_
21,739.529,45.455,174.40099999999995,1188,0.741,319.387,42.012,0.146,21,9,wt,_none_
22,737.7510000000002,40.855,157.989,1233,0.774,290.659,45.894,0.183,22,9,wt,_none_
23,734.293,40.761,137.49,1167,0.748,284.375,41.601000000000006,0.181,23,9,wt,_none_
24,732.559,43.102,154.983,1195,0.7809999999999999,274.375,42.895,0.199,24,9,wt,_none_
25,730.298,43.414,156.94899999999996,1216,0.7659999999999999,310.558,42.557,0.158,25,9,wt,_none_
26,729.294,42.481,151.39,1187,0.733,296.073,41.92,0.17,26,9,wt,_none_
27,726.0369999999998,42.403,10.62,1144,0.8,224.777,42.996,0.285,27,9,wt,_none_
28,721.475,45.476000000000006,166.701,1360,0.73,369.571,45.523,0.125,28,9,wt,_none_
29,723.812,46.264,8.276,1398,0.736,376.056,46.846,0.124,29,9,wt,_none_
30,722.716,44.702,155.821,1383,0.772,341.38699999999994,45.205,0.149,30,9,wt,_none_
31,720.3,39.217,134.145,1140,0.7659999999999999,251.99,42.917,0.226,31,9,wt,_none_
32,720.54,42.142,164.84599999999998,1180,0.769,305.588,42.121,0.159,32,9,wt,_none_
33,719.377,42.275,154.916,1290,0.775,321.144,43.959,0.157,33,9,wt,_none_
34,720.248,41.847,5.29,1303,0.753,288.759,44.056,0.196,34,9,wt,_none_
35,717.449,42.90600000000001,162.89700000000005,1319,0.726,322.316,45.106,0.16,35,9,wt,_none_
36,718.334,41.411,170.91,1197,0.757,318.416,42.793,0.14800000000000002,36,9,wt,_none_
37,718.7280000000002,42.985,15.154000000000002,1197,0.794,279.546,41.416,0.192,37,9,wt,_none_
38,717.273,41.309,161.565,1149,0.7609999999999999,277.789,41.601000000000006,0.187,38,9,wt,_none_
39,715.6560000000002,38.591,151.858,1084,0.758,267.647,41.08600000000001,0.19,39,9,wt,_none_
40,711.954,38.198,150.101,1014,0.8029999999999999,223.362,38.931,0.255,40,9,wt,_none_
41,714.304,41.191,20.854,1072,0.765,268.96,39.603,0.18600000000000005,41,9,wt,_none_
42,711.704,42.808,163.30100000000004,1189,0.735,339.0440000000001,41.81100000000001,0.13,42,9,wt,_none_
43,713.1610000000002,39.226,18.435,1093,0.753,287.345,40.705,0.166,43,9,wt,_none_
44,709.653,38.776,145.981,1147,0.779,279.688,40.96100000000001,0.184,44,9,wt,_none_
45,712.2339999999998,39.98,167.593,1107,0.726,299.73,41.57,0.155,45,9,wt,_none_
46,711.302,42.195,165.06900000000005,1081,0.768,260.475,39.435,0.2,46,9,wt,_none_
47,709.7330000000002,36.1,6.2029999999999985,1015,0.742,277.789,39.115,0.165,47,9,wt,_none_
48,711.424,39.82,170.53799999999995,894,0.763,221.262,35.212,0.229,48,9,wt,_none_
49,711.08,43.16,156.644,1085,0.736,288.86,39.554,0.163,49,9,wt,_none_
50,709.0139999999999,39.787,157.109,1034,0.7290000000000001,302.902,38.1,0.142,50,9,wt,_none_
51,709.7689999999999,38.303,164.21900000000005,1132,0.76,280.517,40.465,0.181,51,9,wt,_none_
52,708.952,40.535,25.408,1002,0.778,237.019,37.96,0.224,52,9,wt,_none_
53,707.722,41.452,163.54,1089,0.773,275.889,39.258,0.18,53,9,wt,_none_
54,710.0889999999998,43.522,176.49599999999995,1027,0.72,308.902,38.084,0.135,54,9,wt,_none_
55,711.574,41.368,11.07,1090,0.763,269.99,38.645,0.188,55,9,wt,_none_
56,711.15,40.385,152.85,923,0.777,246.576,35.653,0.191,56,9,wt,_none_
57,709.546,41.771,160.42700000000005,1023,0.763,272.617,40.839,0.173,57,9,wt,_none_
58,710.698,40.867,144.904,1021,0.7659999999999999,252.333,38.584,0.202,58,9,wt,_none_
59,709.665,40.58,157.751,1028,0.742,295.789,39.12300000000001,0.14800000000000002,59,9,wt,_none_
60,709.697,39.658,14.931,1019,0.753,280.274,38.127,0.163,60,9,wt,_none_
61,710.702,36.253,17.199,986,0.78,241.161,38.203,0.213,61,9,wt,_none_
62,709.9760000000001,38.417,72.47399999999998,866,0.7879999999999999,205.806,33.742,0.257,62,9,wt,_none_
63,709.672,37.811,177.563,1092,0.742,262.718,38.86,0.199,63,9,wt,_none_
64,710.0939999999998,38.042,14.621,960,0.7170000000000001,261.404,36.644,0.177,64,9,wt,_none_
65,708.462,36.666,20.225,886,0.782,233.747,33.916,0.204,65,9,wt,_none_
66,709.872,34.934,166.293,870,0.769,229.12,34.636,0.208,66,9,wt,_none_
67,709.3539999999998,34.958,23.025,953,0.792,262.475,37.048,0.174,67,9,wt,_none_
68,708.82,35.597,171.87,915,0.7909999999999999,216.291,36.04,0.246,68,9,wt,_none_
69,709.441,36.624,171.674,916,0.769,261.30400000000003,34.644,0.16899999999999998,69,9,wt,_none_
70,707.1610000000002,37.022,36.87,852,0.767,205.22,34.016,0.254,70,9,wt,_none_
71,708.7639999999999,36.984,171.158,1013,0.75,299.931,37.809,0.142,71,9,wt,_none_
72,710.715,37.532,10.539,932,0.7340000000000001,285.588,34.861,0.14400000000000002,72,9,wt,_none_
73,710.571,38.829,155.77200000000005,910,0.731,247.404,34.893,0.187,73,9,wt,_none_
74,710.5160000000002,39.27,31.185,903,0.718,292.517,34.261,0.133,74,9,wt,_none_
75,709.885,40.803,149.265,904,0.727,251.304,34.826,0.18,75,9,wt,_none_
76,710.669,40.076,53.427,794,0.78,220.676,32.189,0.205,76,9,wt,_none_
77,710.9780000000002,39.819,144.904,889,0.773,241.019,35.891,0.192,77,9,wt,_none_
78,711.673,39.991,178.69799999999995,898,0.711,302.1740000000001,35.087,0.124,78,9,wt,_none_
79,711.075,38.56800000000001,172.56900000000005,999,0.737,284.1740000000001,38.05,0.155,79,9,wt,_none_
80,710.4780000000002,38.662,134.029,883,0.779,203.806,34.796,0.267,80,9,wt,_none_
81,710.1,39.265,127.747,803,0.764,223.019,32.163000000000004,0.203,81,9,wt,_none_
82,711.8860000000002,39.042,12.380999999999998,861,0.7140000000000001,260.718,34.037,0.159,82,9,wt,_none_
83,710.497,36.355,149.931,891,0.758,236.576,33.985,0.2,83,9,wt,_none_
84,710.8810000000002,37.0,107.103,804,0.743,227.362,33.234,0.195,84,9,wt,_none_
85,710.998,36.421,2.6630000000000003,919,0.7709999999999999,234.777,34.719,0.21,85,9,wt,_none_
86,711.028,36.357,24.567,791,0.77,203.806,32.108000000000004,0.239,86,9,wt,_none_
87,711.193,35.605,169.21599999999995,854,0.742,230.43400000000003,34.267,0.202,87,9,wt,_none_
88,712.076,35.675,131.987,823,0.752,236.43400000000003,33.509,0.185,88,9,wt,_none_
89,710.1389999999999,36.089,18.034,960,0.7170000000000001,287.688,36.28,0.146,89,9,wt,_none_
90,711.9780000000002,37.477,149.036,895,0.782,211.12,34.33,0.252,90,9,wt,_none_
91,713.0930000000002,37.958,23.703000000000007,952,0.735,279.446,36.05,0.153,91,9,wt,_none_
92,712.9680000000002,37.382,22.306,930,0.768,242.676,35.401,0.198,92,9,wt,_none_
93,713.4580000000002,36.046,30.256,929,0.767,232.191,35.35,0.217,93,9,wt,_none_
94,711.762,36.723,148.841,1063,0.7170000000000001,293.002,39.011,0.156,94,9,wt,_none_
95,711.128,35.129,111.541,919,0.759,250.576,35.262,0.184,95,9,wt,_none_
96,711.373,34.989000000000004,2.49,996,0.721,341.286,37.142,0.107,96,9,wt,_none_
97,711.199,36.349,27.15,1005,0.75,297.831,36.605,0.142,97,9,wt,_none_
98,711.617,33.504,145.561,926,0.792,222.777,36.328,0.234,98,9,wt,_none_
99,711.425,33.968,133.091,883,0.75,254.96,34.025,0.171,99,9,wt,_none_
100,713.535,32.852,164.055,905,0.777,233.605,34.844,0.208,100,9,wt,_none_
101,711.9060000000002,32.955,122.471,837,0.8009999999999999,208.149,33.351,0.243,101,9,wt,_none_
102,712.23,33.159,9.689,907,0.782,238.191,35.096,0.201,102,9,wt,_none_
103,712.4989999999998,33.428000000000004,143.13,893,0.8140000000000001,201.806,34.173,0.276,103,9,wt,_none_
104,712.451,33.573,39.472,951,0.755,254.233,35.774,0.185,104,9,wt,_none_
105,710.9680000000002,32.863,158.459,898,0.7829999999999999,239.848,34.689,0.196,105,9,wt,_none_
106,710.6289999999998,29.143,162.719,986,0.7829999999999999,253.304,39.945,0.193,106,9,wt,_none_
107,710.6289999999998,33.622,138.945,907,0.78,198.635,35.684,0.289,107,9,wt,_none_
108,710.5010000000002,34.06,165.96400000000003,974,0.746,279.688,36.882,0.156,108,9,wt,_none_
109,709.1469999999998,33.904,170.134,1069,0.7609999999999999,272.375,38.941,0.181,109,9,wt,_none_
110,709.93,30.438,11.31,962,0.7859999999999999,242.233,38.643,0.206,110,9,wt,_none_
111,708.697,32.731,139.764,1064,0.71,325.387,39.503,0.126,111,9,wt,_none_
112,709.0989999999998,31.989,22.834,901,0.785,227.848,35.648,0.218,112,9,wt,_none_
113,710.92,34.95,30.256,891,0.769,216.877,34.168,0.238,113,9,wt,_none_
114,710.7510000000002,32.245,146.689,884,0.8079999999999999,207.706,34.927,0.257,114,9,wt,_none_
115,711.487,32.282,142.85299999999995,902,0.7909999999999999,211.806,35.576,0.253,115,9,wt,_none_
116,711.311,34.572,73.443,836,0.8109999999999999,183.078,33.912,0.313,116,9,wt,_none_
117,710.595,32.688,147.095,864,0.787,213.706,34.996,0.238,117,9,wt,_none_
118,710.6339999999999,33.212,136.975,859,0.8,212.049,34.63,0.24,118,9,wt,_none_
119,710.153,31.407,122.152,873,0.7490000000000001,255.889,34.969,0.168,119,9,wt,_none_
120,710.3960000000002,32.558,115.278,805,0.7879999999999999,203.806,33.094,0.244,120,9,wt,_none_
121,711.298,30.732,160.017,1027,0.7659999999999999,272.233,38.635,0.174,121,9,wt,_none_
122,710.9580000000002,30.947,134.029,865,0.763,255.647,34.82,0.166,122,9,wt,_none_
123,710.202,31.844,174.28900000000004,843,0.767,221.848,34.496,0.215,123,9,wt,_none_
124,711.169,31.772,147.095,857,0.7879999999999999,204.049,35.50199999999999,0.259,124,9,wt,_none_
125,711.7919999999998,33.623000000000005,158.19899999999996,889,0.754,258.475,35.361,0.16699999999999998,125,9,wt,_none_
126,711.722,32.049,126.327,854,0.732,252.818,34.845,0.168,126,9,wt,_none_
127,713.758,33.684,148.299,848,0.789,219.362,33.916,0.221,127,9,wt,_none_
128,713.1339999999999,33.64,132.184,841,0.75,244.919,35.885,0.17600000000000002,128,9,wt,_none_
129,712.188,32.473,115.463,1044,0.745,291.446,37.168,0.154,129,9,wt,_none_
130,710.8380000000002,33.498000000000005,155.136,990,0.75,275.789,38.11,0.16399999999999998,130,9,wt,_none_
131,712.674,30.566,143.13,1004,0.762,260.233,38.309,0.18600000000000005,131,9,wt,_none_
132,711.638,32.279,169.38,1041,0.721,293.002,38.886,0.152,132,9,wt,_none_
133,712.591,31.415,176.49599999999995,1047,0.7440000000000001,258.475,38.642,0.197,133,9,wt,_none_
134,713.245,29.642,130.732,1053,0.764,246.818,41.526,0.217,134,9,wt,_none_
135,713.132,29.913,21.125,1063,0.7290000000000001,301.245,37.542,0.147,135,9,wt,_none_
136,712.4760000000001,32.256,45.0,1033,0.738,283.931,37.21,0.161,136,9,wt,_none_
137,711.7130000000002,31.16,61.074,974,0.736,274.375,36.553,0.163,137,9,wt,_none_
138,712.169,29.126,111.318,1003,0.7659999999999999,237.747,36.511,0.223,138,9,wt,_none_
139,712.2239999999998,29.859,176.34799999999996,999,0.7240000000000001,277.688,37.173,0.163,139,9,wt,_none_
140,710.638,30.255,122.152,803,0.745,221.605,34.45,0.205,140,9,wt,_none_
141,711.43,28.737,162.3,1037,0.665,357.571,37.895,0.102,141,9,wt,_none_
142,712.715,28.61,153.997,998,0.733,273.889,37.146,0.16699999999999998,142,9,wt,_none_
143,711.7760000000002,29.143,131.424,1020,0.7340000000000001,281.588,37.702,0.162,143,9,wt,_none_
144,711.7260000000001,27.924,117.699,988,0.7440000000000001,251.647,37.245,0.196,144,9,wt,_none_
145,711.178,28.506,15.945,973,0.748,289.931,36.012,0.145,145,9,wt,_none_
146,711.8589999999998,28.15,149.47,943,0.735,270.475,35.597,0.162,146,9,wt,_none_
147,711.467,27.942,169.21599999999995,910,0.782,255.889,35.529,0.175,147,9,wt,_none_
148,712.347,25.609,164.407,991,0.728,298.1740000000001,37.572,0.14,148,9,wt,_none_
149,712.904,25.793000000000006,130.46200000000002,965,0.763,263.889,35.771,0.174,149,9,wt,_none_
150,711.065,26.062,116.565,987,0.76,287.688,37.004,0.15,150,9,wt,_none_
151,712.192,26.405,159.905,943,0.738,260.274,36.366,0.175,151,9,wt,_none_
152,713.02,26.279,172.05700000000004,911,0.7190000000000001,279.546,35.181999999999995,0.146,152,9,wt,_none_
153,713.079,26.094,30.964,858,0.736,239.99,35.537,0.187,153,9,wt,_none_
154,713.199,26.504,177.207,853,0.726,260.718,34.39,0.158,154,9,wt,_none_
155,713.3810000000002,26.89,112.306,825,0.728,257.061,34.782,0.157,155,9,wt,_none_
156,712.21,28.11,115.942,862,0.7609999999999999,227.019,35.322,0.21,156,9,wt,_none_
157,711.648,28.452,84.289,829,0.7709999999999999,217.12,34.828,0.221,157,9,wt,_none_
158,710.672,27.392,93.9,911,0.7020000000000001,275.203,36.43,0.151,158,9,wt,_none_
159,711.586,27.586,132.184,877,0.711,262.96,35.61,0.159,159,9,wt,_none_
160,710.07,28.368,40.314,879,0.722,249.747,34.697,0.177,160,9,wt,_none_
161,712.6139999999998,28.79,105.376,787,0.765,196.877,35.529,0.255,161,9,wt,_none_
162,711.923,27.608,77.005,731,0.705,228.191,33.499,0.17600000000000002,162,9,wt,_none_
163,711.321,28.163,147.84799999999996,854,0.74,242.818,35.249,0.182,163,9,wt,_none_
164,712.211,27.582,162.408,834,0.706,255.161,33.852,0.161,164,9,wt,_none_
165,713.1210000000002,27.222,115.942,802,0.696,281.931,34.839,0.127,165,9,wt,_none_
166,713.408,26.592,170.31099999999995,763,0.7440000000000001,225.948,32.375,0.188,166,9,wt,_none_
167,712.056,27.854,4.289,759,0.682,243.99,33.008,0.16,167,9,wt,_none_
168,713.185,26.638,168.408,791,0.7340000000000001,233.747,33.184,0.182,168,9,wt,_none_
169,711.6610000000002,28.214,115.408,931,0.732,275.446,36.126,0.154,169,9,wt,_none_
170,712.71,27.691,125.538,833,0.722,243.161,35.041,0.177,170,9,wt,_none_
171,712.694,28.46,120.964,742,0.6890000000000001,240.818,33.87,0.161,171,9,wt,_none_
172,713.294,27.3,145.886,684,0.7240000000000001,218.191,31.582,0.181,172,9,wt,_none_
173,713.7130000000002,26.46,111.541,746,0.7240000000000001,212.291,33.371,0.208,173,9,wt,_none_
174,712.575,27.545,115.278,691,0.721,209.362,33.593,0.198,174,9,wt,_none_
175,712.822,27.375,165.324,846,0.713,261.99,35.414,0.155,175,9,wt,_none_
176,711.9889999999998,26.925,175.815,816,0.7240000000000001,249.304,34.396,0.165,176,9,wt,_none_
177,710.1489999999999,27.785,106.557,681,0.708,228.43400000000003,32.0,0.16399999999999998,177,9,wt,_none_
178,712.4019999999998,27.48,135.0,599,0.6990000000000001,198.049,30.241,0.192,178,9,wt,_none_
179,710.6410000000002,27.864,146.689,863,0.727,266.96,35.887,0.152,179,9,wt,_none_
180,710.0369999999998,26.996,95.572,790,0.723,256.818,33.984,0.151,180,9,wt,_none_
181,710.919,26.597,174.56,835,0.696,316.316,33.34,0.105,181,9,wt,_none_
1,84.484,834.775,87.61399999999998,1103,0.7120000000000001,340.357,37.904,0.12,1,15,wt,normal;
2,90.217,841.612,92.49,1074,0.742,291.831,37.956,0.158,2,15,wt,normal;
3,96.769,845.59,114.102,948,0.779,214.877,35.287,0.258,3,15,wt,normal;
4,99.593,851.817,102.095,900,0.777,221.948,36.456,0.23,4,15,wt,normal;
5,102.198,856.6610000000002,75.964,878,0.718,240.09,35.084,0.191,5,15,wt,normal;
6,101.94,861.946,107.199,912,0.762,244.576,35.08,0.192,6,15,wt,normal;
7,103.894,864.9830000000002,62.879,979,0.755,237.161,35.65,0.219,7,15,wt,normal;
8,107.72,868.52,124.778,992,0.7390000000000001,310.416,35.761,0.129,8,15,wt,normal;
9,107.801,869.7189999999998,113.703,973,0.753,271.30400000000003,36.142,0.166,9,15,wt,normal;
10,104.167,874.846,126.327,879,0.738,239.99,34.886,0.192,10,15,wt,normal;
11,103.942,875.628,133.15200000000002,864,0.721,261.647,33.689,0.159,11,15,wt,normal;
12,100.289,878.715,169.287,766,0.774,189.806,32.374,0.267,12,15,wt,normal;
13,94.101,880.064,28.301,929,0.726,253.061,35.371,0.182,13,15,wt,normal;
14,96.501,880.0060000000002,18.435,1017,0.746,285.345,37.982,0.157,14,15,wt,normal;
15,92.712,882.452,65.77199999999999,998,0.7559999999999999,269.203,37.26,0.173,15,15,wt,normal;
16,91.396,882.2810000000002,24.228,872,0.747,241.505,37.757,0.188,16,15,wt,normal;
17,90.659,885.6669999999998,34.077,830,0.741,253.647,34.522,0.162,17,15,wt,normal;
18,89.238,887.7339999999998,40.601,990,0.716,288.032,36.854,0.15,18,15,wt,normal;
19,86.706,886.7560000000002,171.347,971,0.687,295.688,37.056,0.14,19,15,wt,normal;
20,82.792,885.6039999999998,17.199,937,0.736,280.517,37.312,0.15,20,15,wt,normal;
21,82.01299999999998,884.944,24.677,797,0.772,196.978,34.751999999999995,0.258,21,15,wt,normal;
22,77.994,886.3889999999999,45.0,781,0.757,209.706,34.474000000000004,0.223,22,15,wt,normal;
23,78.931,886.811,20.225,821,0.777,191.078,34.883,0.28300000000000003,23,15,wt,normal;
24,75.69,887.65,123.275,774,0.76,208.049,33.029,0.225,24,15,wt,normal;
25,73.771,888.658,41.878,778,0.765,205.806,33.222,0.231,25,15,wt,normal;
26,72.258,886.525,61.607,768,0.723,239.161,33.837,0.16899999999999998,26,15,wt,normal;
27,71.268,885.061,38.66,825,0.718,242.576,37.39,0.17600000000000002,27,15,wt,normal;
28,66.414,886.7260000000001,52.853,895,0.77,209.362,35.22400000000001,0.257,28,15,wt,normal;
29,67.167,887.525,162.719,961,0.741,274.86,36.451,0.16,29,15,wt,normal;
30,65.182,885.827,151.783,957,0.7,283.588,36.905,0.15,30,15,wt,normal;
31,64.785,884.2819999999998,78.69,747,0.7759999999999999,170.83599999999996,34.399,0.322,31,15,wt,normal;
32,63.037,884.7389999999998,123.69,787,0.785,198.007,32.441,0.252,32,15,wt,normal;
33,63.042,884.318,29.427,933,0.755,239.262,36.719,0.205,33,15,wt,normal;
34,60.645,886.315,69.905,987,0.741,307.973,36.775,0.131,34,15,wt,normal;
35,62.124,885.883,3.814,927,0.7190000000000001,259.061,35.852,0.174,35,15,wt,normal;
36,60.702,885.189,56.31,896,0.769,231.605,36.87300000000001,0.21,36,15,wt,normal;
37,59.865,882.238,27.15,906,0.74,271.446,35.22400000000001,0.155,37,15,wt,normal;
38,56.712,883.95,133.025,826,0.691,287.931,33.776,0.125,38,15,wt,normal;
39,56.887,880.436,43.025,793,0.787,223.362,36.278,0.2,39,15,wt,normal;
40,52.352,883.5139999999999,17.102999999999998,759,0.74,212.191,34.345,0.212,40,15,wt,normal;
41,54.723,884.576,57.848,775,0.753,205.706,35.456,0.23,41,15,wt,normal;
42,54.54600000000001,881.082,20.171,912,0.721,240.676,39.571,0.198,42,15,wt,normal;
43,54.717,883.018,34.509,743,0.768,198.978,32.117,0.236,43,15,wt,normal;
44,50.928,881.076,43.264,908,0.754,238.09,38.709,0.201,44,15,wt,normal;
45,52.945,881.924,38.454,941,0.7440000000000001,258.818,37.448,0.177,45,15,wt,normal;
46,51.372,883.62,62.819,811,0.757,228.43400000000003,34.915,0.195,46,15,wt,normal;
47,51.412,885.1389999999999,16.557000000000002,706,0.784,187.664,31.999,0.252,47,15,wt,normal;
48,51.101000000000006,883.635,37.747,696,0.72,228.43400000000003,32.132,0.168,48,15,wt,normal;
49,50.175,883.5930000000002,43.025,831,0.765,232.333,35.716,0.193,49,15,wt,normal;
50,52.01300000000001,883.1239999999998,78.69,840,0.742,262.96,34.111999999999995,0.153,50,15,wt,normal;
51,50.575,882.3,32.152,859,0.718,255.889,35.279,0.165,51,15,wt,normal;
52,48.718,883.653,39.094,790,0.726,231.262,33.881,0.18600000000000005,52,15,wt,normal;
53,48.965,882.842,34.077,860,0.758,202.978,35.297,0.262,53,15,wt,normal;
54,50.983,884.613,52.853,807,0.74,255.889,34.744,0.155,54,15,wt,normal;
55,50.63,883.9680000000002,70.253,821,0.78,231.505,34.503,0.193,55,15,wt,normal;
56,51.26300000000001,881.425,45.0,763,0.698,247.061,35.805,0.157,56,15,wt,normal;
57,49.044,881.737,85.711,801,0.748,240.576,34.305,0.174,57,15,wt,normal;
58,51.227,878.825,31.43,810,0.7609999999999999,239.362,35.91,0.17800000000000002,58,15,wt,normal;
59,49.801,881.67,31.866,804,0.6920000000000001,252.818,34.988,0.158,59,15,wt,normal;
60,51.788,880.775,39.289,840,0.777,193.563,35.69300000000001,0.282,60,15,wt,normal;
61,52.317,880.944,14.675999999999998,763,0.726,236.576,35.471,0.171,61,15,wt,normal;
62,51.075,881.2760000000002,50.194,731,0.7240000000000001,227.848,33.035,0.177,62,15,wt,normal;
63,50.868,880.41,5.194,932,0.7140000000000001,300.416,36.276,0.13,63,15,wt,normal;
64,51.767,878.071,12.380999999999998,786,0.73,229.019,35.417,0.188,64,15,wt,normal;
65,49.451,881.492,174.144,754,0.7929999999999999,191.907,33.808,0.257,65,15,wt,normal;
66,48.977,880.513,22.62,713,0.7440000000000001,207.948,32.414,0.207,66,15,wt,normal;
67,48.294,882.2330000000002,45.0,783,0.784,206.291,32.275,0.231,67,15,wt,normal;
68,49.99800000000001,880.605,24.775,809,0.7340000000000001,244.576,34.908,0.17,68,15,wt,normal;
69,50.04600000000001,880.7860000000002,174.428,793,0.7170000000000001,243.747,34.843,0.168,69,15,wt,normal;
70,48.54600000000001,880.13,20.556,782,0.7340000000000001,245.161,36.379,0.163,70,15,wt,normal;
71,49.354,881.482,10.305,888,0.6970000000000001,275.061,35.845,0.147,71,15,wt,normal;
72,52.972,878.79,26.003,890,0.6809999999999999,322.558,36.69300000000001,0.107,72,15,wt,normal;
73,53.118,877.075,2.6630000000000003,850,0.71,297.103,36.071,0.121,73,15,wt,normal;
74,52.00100000000001,877.7510000000002,18.435,833,0.695,243.747,36.053,0.17600000000000002,74,15,wt,normal;
75,51.28100000000001,878.993,69.274,805,0.723,226.676,33.758,0.197,75,15,wt,normal;
76,50.606,880.815,157.38,717,0.737,230.43400000000003,32.99,0.17,76,15,wt,normal;
77,52.44300000000001,877.753,17.102999999999998,792,0.741,268.475,34.023,0.138,77,15,wt,normal;
78,53.332,878.5139999999999,45.0,798,0.691,259.404,34.567,0.149,78,15,wt,normal;
79,53.081,880.65,12.095,874,0.731,264.475,34.613,0.157,79,15,wt,normal;
80,52.977,879.297,33.69,747,0.7559999999999999,207.22,32.234,0.219,80,15,wt,normal;
81,53.203,875.967,4.289,777,0.7140000000000001,237.019,34.969,0.174,81,15,wt,normal;
82,55.468,873.7919999999998,17.102999999999998,777,0.715,234.43400000000003,34.156,0.17800000000000002,82,15,wt,normal;
83,53.258,873.3689999999998,5.194,789,0.741,213.12,36.205,0.218,83,15,wt,normal;
84,52.021,876.98,33.69,685,0.657,276.375,30.798,0.113,84,15,wt,normal;
85,52.555,878.683,59.534,758,0.698,235.848,33.012,0.171,85,15,wt,normal;
86,53.506,876.887,23.385,702,0.65,265.588,30.555,0.125,86,15,wt,normal;
87,52.432,877.6569999999998,51.11600000000001,719,0.6859999999999999,266.233,32.065,0.127,87,15,wt,normal;
88,52.466,876.164,159.274,679,0.6970000000000001,238.09,30.675,0.151,88,15,wt,normal;
89,51.31100000000001,876.937,36.87,815,0.748,225.848,34.701,0.201,89,15,wt,normal;
90,51.934,876.862,177.33700000000005,788,0.7040000000000001,239.161,34.964,0.173,90,15,wt,normal;
91,53.705,878.447,122.905,799,0.7340000000000001,224.777,33.41,0.199,91,15,wt,normal;
92,53.899,877.8489999999998,92.793,799,0.7140000000000001,270.274,32.514,0.13699999999999998,92,15,wt,normal;
93,55.56800000000001,876.4939999999998,15.593,859,0.706,272.617,36.95,0.145,93,15,wt,normal;
94,52.834,879.2180000000002,173.047,809,0.728,235.362,33.367,0.184,94,15,wt,normal;
95,53.387,876.309,6.789,718,0.68,220.291,34.364000000000004,0.18600000000000005,95,15,wt,normal;
96,53.11600000000001,878.053,12.804,854,0.737,267.647,35.823,0.15,96,15,wt,normal;
97,54.486,875.7769999999998,47.726000000000006,882,0.698,277.103,36.406,0.14400000000000002,97,15,wt,normal;
98,54.803,877.596,168.408,770,0.7509999999999999,232.333,32.827,0.179,98,15,wt,normal;
99,54.327,876.054,61.39,709,0.74,201.806,32.445,0.219,99,15,wt,normal;
100,54.882,876.72,163.856,714,0.727,220.534,31.468000000000004,0.184,100,15,wt,normal;
101,55.653,876.842,154.799,675,0.72,221.948,31.607,0.172,101,15,wt,normal;
102,55.702,878.0360000000002,147.529,758,0.7090000000000001,217.019,33.405,0.202,102,15,wt,normal;
103,57.085,877.725,72.031,761,0.741,205.806,31.653,0.226,103,15,wt,normal;
104,55.45,877.1030000000002,32.574,807,0.725,235.12,34.585,0.183,104,15,wt,normal;
105,55.339,876.497,13.325,745,0.745,187.664,32.801,0.266,105,15,wt,normal;
106,55.29,876.025,99.926,768,0.721,238.09,32.35,0.17,106,15,wt,normal;
107,54.152,878.007,77.32,759,0.713,223.848,31.549,0.19,107,15,wt,normal;
108,54.996,878.1519999999998,69.274,808,0.7390000000000001,240.43400000000003,34.211,0.17600000000000002,108,15,wt,normal;
109,53.846,878.462,29.604,977,0.6759999999999999,325.0440000000001,37.432,0.116,109,15,wt,normal;
110,52.66,878.4860000000001,143.42700000000005,712,0.698,235.505,31.497,0.161,110,15,wt,normal;
111,52.192,878.7819999999998,22.714,911,0.71,270.132,35.578,0.157,111,15,wt,normal;
112,54.076,876.957,26.565,773,0.747,225.848,32.875,0.19,112,15,wt,normal;
113,55.75,874.8919999999998,28.393,812,0.737,254.233,35.29,0.158,113,15,wt,normal;
114,55.819,875.168,45.0,766,0.76,226.534,32.712,0.188,114,15,wt,normal;
115,56.889,875.564,12.095,813,0.7090000000000001,233.262,34.644,0.188,115,15,wt,normal;
116,56.363,877.177,52.853,744,0.715,209.12,32.955,0.214,116,15,wt,normal;
117,56.527,875.086,175.71099999999996,748,0.691,281.588,33.695,0.119,117,15,wt,normal;
118,55.742,875.2739999999999,157.38,739,0.759,202.392,32.771,0.227,118,15,wt,normal;
119,54.476000000000006,875.2360000000001,154.799,747,0.772,203.563,32.89,0.227,119,15,wt,normal;
120,54.774,875.951,133.958,736,0.7190000000000001,253.747,32.713,0.14400000000000002,120,15,wt,normal;
121,56.505,875.076,141.911,988,0.715,294.1740000000001,37.307,0.14300000000000002,121,15,wt,normal;
122,57.735,873.6610000000002,108.886,801,0.755,217.463,33.883,0.213,122,15,wt,normal;
123,58.408,874.127,27.759,783,0.721,257.404,33.537,0.149,123,15,wt,normal;
124,58.787,873.334,37.476,778,0.762,212.191,32.457,0.217,124,15,wt,normal;
125,57.308,877.215,134.029,772,0.706,225.505,33.474000000000004,0.191,125,15,wt,normal;
126,56.55,878.288,83.66,813,0.74,221.848,33.886,0.208,126,15,wt,normal;
127,58.46,877.2539999999998,135.0,773,0.7090000000000001,258.233,33.937,0.146,127,15,wt,normal;
128,59.654,878.513,175.71099999999996,761,0.726,217.22,32.061,0.203,128,15,wt,normal;
129,60.19,878.0210000000002,140.356,975,0.7020000000000001,330.55800000000005,37.144,0.112,129,15,wt,normal;
130,57.392,880.428,62.354,944,0.706,303.831,35.29,0.129,130,15,wt,normal;
131,59.908,878.801,27.15,945,0.7040000000000001,318.458,35.65,0.117,131,15,wt,normal;
132,59.158,875.9939999999998,169.919,976,0.711,290.659,37.754,0.145,132,15,wt,normal;
133,58.322,877.541,60.101000000000006,960,0.7140000000000001,291.203,35.89,0.142,133,15,wt,normal;
134,60.424,879.4830000000002,53.13,930,0.726,284.96,35.717,0.14400000000000002,134,15,wt,normal;
135,61.624,878.863,20.095,936,0.7090000000000001,306.316,35.102,0.125,135,15,wt,normal;
136,61.576,875.043,6.34,906,0.7340000000000001,257.647,35.496,0.172,136,15,wt,normal;
137,59.592,875.3969999999998,135.0,828,0.706,249.747,35.056999999999995,0.16699999999999998,137,15,wt,normal;
138,60.892,875.863,6.2029999999999985,937,0.6709999999999999,301.831,36.233,0.129,138,15,wt,normal;
139,59.665,874.627,175.135,915,0.6559999999999999,326.558,35.817,0.108,139,15,wt,normal;
140,58.769,875.5989999999998,158.19899999999996,684,0.7,222.534,32.57,0.174,140,15,wt,normal;
141,59.569,876.939,134.119,947,0.718,285.446,35.753,0.146,141,15,wt,normal;
142,60.856,878.133,47.726000000000006,922,0.7020000000000001,282.86,34.812,0.145,142,15,wt,normal;
143,59.904,875.977,57.995,947,0.6920000000000001,290.416,36.099,0.141,143,15,wt,normal;
144,59.957,878.008,67.479,955,0.7240000000000001,297.002,35.646,0.136,144,15,wt,normal;
145,59.076,875.9730000000002,138.945,852,0.7190000000000001,239.404,34.114000000000004,0.187,145,15,wt,normal;
146,59.008,874.1360000000002,117.699,848,0.68,262.274,34.648,0.155,146,15,wt,normal;
147,59.9,874.908,122.905,831,0.7190000000000001,266.617,33.328,0.147,147,15,wt,normal;
148,59.839,874.5039999999998,83.51700000000002,932,0.701,336.55800000000005,35.415,0.103,148,15,wt,normal;
149,59.445,874.0980000000002,86.186,915,0.6829999999999999,312.416,35.23,0.118,149,15,wt,normal;
150,59.908,874.0039999999998,29.168000000000006,925,0.6609999999999999,329.872,36.53,0.107,150,15,wt,normal;
151,59.794,872.25,29.427,871,0.71,280.132,36.464,0.139,151,15,wt,normal;
152,60.24100000000001,874.495,160.253,817,0.718,254.919,34.021,0.158,152,15,wt,normal;
153,60.223,874.435,149.744,773,0.7,257.061,32.339,0.147,153,15,wt,normal;
154,60.076,873.084,168.408,759,0.703,225.262,31.363000000000003,0.188,154,15,wt,normal;
155,59.456,872.43,4.185,747,0.688,247.505,32.134,0.153,155,15,wt,normal;
156,60.365,873.2180000000002,97.306,748,0.706,242.676,31.373,0.16,156,15,wt,normal;
157,57.308,873.701,110.225,741,0.711,238.919,31.313,0.163,157,15,wt,normal;
158,57.924,874.653,178.636,850,0.7290000000000001,248.576,33.407,0.173,158,15,wt,normal;
159,57.983,874.177,5.711,778,0.7020000000000001,248.09,32.846,0.159,159,15,wt,normal;
160,58.004,875.33,42.184,817,0.6970000000000001,259.30400000000003,34.431,0.153,160,15,wt,normal;
161,58.74,874.303,77.005,707,0.688,281.789,31.707,0.112,161,15,wt,normal;
162,59.601000000000006,873.2289999999998,95.856,661,0.723,212.291,30.08,0.184,162,15,wt,normal;
163,57.935,874.0319999999998,17.969,728,0.732,232.676,32.927,0.16899999999999998,163,15,wt,normal;
164,59.095,874.4889999999998,25.278,791,0.725,253.404,32.589,0.155,164,15,wt,normal;
165,59.73,874.0189999999999,125.362,718,0.7340000000000001,218.049,31.317,0.19,165,15,wt,normal;
166,58.228,873.9810000000001,41.878,673,0.675,227.362,30.61,0.16399999999999998,166,15,wt,normal;
167,57.389,874.16,162.031,683,0.718,225.605,30.905,0.16899999999999998,167,15,wt,normal;
168,58.32899999999999,874.6339999999999,13.325,655,0.657,281.103,31.075,0.104,168,15,wt,normal;
169,56.44600000000001,874.948,2.6630000000000003,813,0.6559999999999999,305.002,33.921,0.11,169,15,wt,normal;
170,58.777,873.692,40.156,757,0.659,285.345,32.081,0.117,170,15,wt,normal;
171,57.99100000000001,873.788,14.349,664,0.622,266.617,31.53,0.117,171,15,wt,normal;
172,57.648,871.2860000000002,61.39,588,0.66,209.806,27.892,0.168,172,15,wt,normal;
173,58.371,872.295,106.991,659,0.6920000000000001,239.505,29.807,0.14400000000000002,173,15,wt,normal;
174,59.272,873.133,23.629,558,0.7140000000000001,181.421,27.418000000000006,0.213,174,15,wt,normal;
175,59.624,872.035,83.04700000000003,804,0.6859999999999999,249.404,32.215,0.162,175,15,wt,normal;
176,58.127,871.797,22.068,753,0.7120000000000001,232.09,31.46,0.17600000000000002,176,15,wt,normal;
177,58.133,870.2669999999998,175.365,567,0.6659999999999999,200.392,28.641,0.177,177,15,wt,normal;
178,59.288,871.135,49.574,553,0.667,223.019,27.673,0.14,178,15,wt,normal;
179,59.113,872.325,4.289,727,0.705,245.505,32.785,0.152,179,15,wt,normal;
180,59.785,872.7589999999999,33.69,680,0.6559999999999999,259.647,30.665,0.127,180,15,wt,normal;
181,59.131,872.6419999999998,157.93200000000004,688,0.713,216.877,31.696,0.184,181,15,wt,normal;
1,298.788,884.618,72.181,1655,0.727,370.357,48.82899999999999,0.152,1,18,wt,normal;
2,303.577,891.303,92.911,1694,0.7659999999999999,367.671,49.027,0.157,2,18,wt,normal;
3,309.9,896.678,145.713,1368,0.7240000000000001,380.642,42.583,0.119,3,18,wt,normal;
4,312.909,903.333,132.64700000000002,1309,0.741,346.115,42.081,0.13699999999999998,4,18,wt,normal;
5,314.675,906.36,116.075,1337,0.748,316.558,43.49100000000001,0.168,5,18,wt,normal;
6,315.224,912.523,51.17,1367,0.779,284.617,43.912,0.212,6,18,wt,normal;
7,317.872,914.881,96.226,1485,0.728,416.198,44.89100000000001,0.108,7,18,wt,normal;
8,318.264,917.131,104.036,1486,0.733,415.411,43.972,0.108,8,18,wt,normal;
9,320.702,918.675,119.358,1424,0.706,427.311,43.152,0.098,9,18,wt,normal;
10,315.598,921.577,103.496,1330,0.725,361.085,41.594,0.128,10,18,wt,normal;
11,315.466,923.785,104.323,1202,0.745,306.073,40.239,0.161,11,18,wt,normal;
12,316.335,926.062,81.57300000000002,1259,0.7509999999999999,317.487,46.56399999999999,0.157,12,18,wt,normal;
13,312.731,927.985,62.949,1330,0.72,372.357,43.303,0.121,13,18,wt,normal;
14,309.834,927.984,146.592,1535,0.72,385.127,44.495,0.13,14,18,wt,normal;
15,306.197,929.744,105.255,1473,0.747,354.399,45.111,0.147,15,18,wt,normal;
16,306.221,929.937,94.667,1268,0.7559999999999999,343.63,41.428,0.135,16,18,wt,normal;
17,305.139,930.452,126.634,1162,0.7809999999999999,250.333,40.705,0.233,17,18,wt,normal;
18,302.403,930.018,85.914,1502,0.754,371.571,47.12600000000001,0.13699999999999998,18,18,wt,normal;
19,299.756,931.778,112.38,1390,0.7340000000000001,368.642,42.666,0.129,19,18,wt,normal;
20,294.802,931.896,49.028,1319,0.757,326.801,41.178,0.155,20,18,wt,normal;
21,293.738,930.999,154.537,1156,0.76,229.362,39.167,0.276,21,18,wt,normal;
22,293.415,930.838,65.556,1133,0.77,240.576,41.419,0.246,22,18,wt,normal;
23,288.737,930.637,108.825,1150,0.772,258.718,39.589,0.21600000000000005,23,18,wt,normal;
24,287.785,930.487,68.199,1193,0.782,288.032,42.07,0.181,24,18,wt,normal;
25,285.622,930.641,157.109,1175,0.741,274.96,40.085,0.195,25,18,wt,normal;
26,282.1040000000001,927.678,148.465,1130,0.752,303.487,42.835,0.154,26,18,wt,normal;
27,277.523,928.584,151.39,1122,0.765,301.831,42.611,0.155,27,18,wt,normal;
28,276.478,929.07,41.63399999999999,1294,0.785,293.588,41.907,0.189,28,18,wt,normal;
29,276.147,929.002,149.421,1319,0.754,348.742,42.147,0.136,29,18,wt,normal;
30,274.817,928.995,134.256,1309,0.728,364.5,43.18899999999999,0.124,30,18,wt,normal;
31,272.321,927.713,164.21900000000005,1047,0.7609999999999999,253.061,39.614,0.205,31,18,wt,normal;
32,271.468,926.986,113.839,1100,0.75,283.647,38.384,0.172,32,18,wt,normal;
33,267.973,925.462,163.41299999999995,1255,0.743,322.801,41.809,0.151,33,18,wt,normal;
34,267.874,925.63,75.426,1258,0.737,341.973,41.732,0.135,34,18,wt,normal;
35,267.08,927.573,32.381,1227,0.731,352.156,40.152,0.124,35,18,wt,normal;
36,267.569,926.36,75.37899999999998,1164,0.752,297.002,39.014,0.166,36,18,wt,normal;
37,267.874,925.972,164.53900000000004,1213,0.7659999999999999,280.617,39.707,0.194,37,18,wt,normal;
38,271.23400000000004,925.691,102.171,1206,0.747,346.801,45.053,0.126,38,18,wt,normal;
39,267.805,925.295,108.034,1093,0.7759999999999999,268.96,37.86,0.19,39,18,wt,normal;
40,263.801,925.103,107.199,1005,0.75,274.617,36.19,0.16699999999999998,40,18,wt,normal;
41,264.548,924.403,154.592,1101,0.782,260.333,38.191,0.204,41,18,wt,normal;
42,261.723,925.124,142.431,1134,0.725,362.014,40.058,0.109,42,18,wt,normal;
43,265.0,925.411,77.347,1053,0.7490000000000001,246.475,37.628,0.218,43,18,wt,normal;
44,262.092,926.697,156.03799999999995,1155,0.7340000000000001,310.316,38.847,0.151,44,18,wt,normal;
45,261.763,924.31,160.42700000000005,1062,0.753,254.576,38.987,0.206,45,18,wt,normal;
46,260.268,925.088,165.96400000000003,1073,0.754,264.375,38.268,0.193,46,18,wt,normal;
47,260.835,926.005,73.54,997,0.757,251.546,37.524,0.198,47,18,wt,normal;
48,258.95,924.66,168.179,949,0.755,276.96,36.823,0.155,48,18,wt,normal;
49,258.363,924.64,153.97,1074,0.741,296.902,38.428,0.153,49,18,wt,normal;
50,258.915,924.473,2.545,1023,0.731,284.759,37.918,0.159,50,18,wt,normal;
51,260.051,923.636,161.94,1109,0.746,287.789,40.634,0.168,51,18,wt,normal;
52,259.205,923.837,50.528,1022,0.758,261.404,37.456,0.188,52,18,wt,normal;
53,258.636,924.599,52.431,1074,0.7559999999999999,306.659,39.801,0.14400000000000002,53,18,wt,normal;
54,257.999,923.39,111.125,1038,0.728,269.203,39.305,0.18,54,18,wt,normal;
55,259.584,924.534,116.03,1052,0.728,303.688,39.353,0.14300000000000002,55,18,wt,normal;
56,259.249,923.712,169.21599999999995,928,0.794,210.877,37.582,0.262,56,18,wt,normal;
57,257.08,923.883,56.31,1007,0.758,262.132,37.129,0.184,57,18,wt,normal;
58,258.436,924.187,173.517,1042,0.777,256.375,39.509,0.199,58,18,wt,normal;
59,257.659,923.77,153.997,1037,0.721,304.558,38.911,0.14,59,18,wt,normal;
60,257.125,923.304,175.03,1072,0.782,256.233,39.134,0.205,60,18,wt,normal;
61,260.03,923.261,111.801,964,0.7609999999999999,225.262,36.699,0.239,61,18,wt,normal;
62,257.593,923.209,72.89699999999998,892,0.7959999999999999,202.049,36.094,0.275,62,18,wt,normal;
63,256.872,923.062,144.904,1141,0.785,242.09,40.656,0.245,63,18,wt,normal;
64,257.059,923.916,119.899,1030,0.735,267.931,38.608,0.18,64,18,wt,normal;
65,255.636,923.07,156.975,944,0.79,215.12,37.05,0.256,65,18,wt,normal;
66,255.128,922.322,157.964,892,0.755,218.534,39.213,0.235,66,18,wt,normal;
67,257.266,922.856,92.545,1008,0.733,270.96,37.558,0.173,67,18,wt,normal;
68,256.119,922.646,166.293,970,0.765,234.43400000000003,36.839,0.222,68,18,wt,normal;
69,257.732,922.639,151.69899999999996,934,0.767,216.777,36.348,0.25,69,18,wt,normal;
70,255.08,922.113,25.974,959,0.73,256.96,35.962,0.183,70,18,wt,normal;
71,255.83,922.774,140.332,1143,0.7040000000000001,357.571,41.808,0.112,71,18,wt,normal;
72,258.143,921.689,156.80100000000004,999,0.7120000000000001,274.759,37.838,0.166,72,18,wt,normal;
73,256.138,919.722,150.709,1037,0.754,278.274,41.646,0.168,73,18,wt,normal;
74,254.043,920.771,139.764,1049,0.705,315.144,39.192,0.133,74,18,wt,normal;
75,254.716,919.964,130.601,1005,0.743,293.831,37.049,0.146,75,18,wt,normal;
76,258.182,920.463,138.576,939,0.708,287.103,35.043,0.14300000000000002,76,18,wt,normal;
77,258.566,920.536,150.101,1024,0.7340000000000001,313.831,37.928,0.131,77,18,wt,normal;
78,260.908,920.256,94.764,1011,0.723,293.588,38.493,0.147,78,18,wt,normal;
79,260.731,920.167,113.051,1220,0.696,364.843,41.032,0.115,79,18,wt,normal;
80,262.961,921.573,84.40100000000002,1135,0.664,409.169,40.509,0.085,80,18,wt,normal;
81,260.546,921.452,116.565,1029,0.6920000000000001,306.215,38.309,0.138,81,18,wt,normal;
82,262.584,919.825,87.79700000000003,1075,0.7020000000000001,337.0440000000001,38.647,0.119,82,18,wt,normal;
83,260.173,919.33,85.135,1110,0.7709999999999999,298.558,39.405,0.156,83,18,wt,normal;
84,258.252,918.853,91.193,998,0.695,306.659,36.82,0.133,84,18,wt,normal;
85,258.131,917.973,81.529,1134,0.747,301.73,39.987,0.157,85,18,wt,normal;
86,258.275,918.497,158.68200000000004,1006,0.747,258.96,36.93,0.189,86,18,wt,normal;
87,258.66,919.968,69.044,1110,0.695,356.25699999999995,39.101,0.11,87,18,wt,normal;
88,257.757,919.527,113.962,1083,0.725,321.973,39.211,0.131,88,18,wt,normal;
89,257.888,919.917,118.443,1292,0.7190000000000001,361.085,43.8,0.125,89,18,wt,normal;
90,259.601,919.587,144.834,1190,0.6729999999999999,400.098,41.203,0.093,90,18,wt,normal;
91,259.376,918.246,132.64700000000002,1205,0.7340000000000001,326.801,41.528,0.142,91,18,wt,normal;
92,258.54200000000003,916.713,111.297,1289,0.675,433.654,46.81100000000001,0.086,92,18,wt,normal;
93,259.648,916.455,91.023,1322,0.6809999999999999,396.884,46.03100000000001,0.105,93,18,wt,normal;
94,256.298,917.615,103.799,1290,0.6809999999999999,386.399,47.357,0.109,94,18,wt,normal;
95,257.974,917.14,115.514,1147,0.7390000000000001,270.475,41.28100000000001,0.197,95,18,wt,normal;
96,259.492,916.923,103.191,1455,0.66,411.512,49.543,0.108,96,18,wt,normal;
97,260.36,917.394,117.324,1466,0.68,468.039,50.6,0.084,97,18,wt,normal;
98,258.88,916.578,97.853,1338,0.721,344.357,49.059,0.142,98,18,wt,normal;
99,260.757,916.72,114.702,1236,0.721,359.286,44.668,0.12,99,18,wt,normal;
100,262.79900000000004,915.728,121.799,1312,0.7140000000000001,347.3280000000001,47.792,0.13699999999999998,100,18,wt,normal;
101,261.60400000000004,916.849,110.807,1238,0.7390000000000001,345.42800000000005,45.718,0.13,101,18,wt,normal;
102,261.302,915.874,112.329,1240,0.685,369.227,46.093,0.114,102,18,wt,normal;
103,262.024,915.577,83.884,1312,0.711,354.742,45.42,0.131,103,18,wt,normal;
104,261.492,916.048,118.301,1391,0.696,404.926,48.187,0.107,104,18,wt,normal;
105,260.606,915.767,113.749,1299,0.735,377.671,44.515,0.114,105,18,wt,normal;
106,259.902,915.251,96.766,1367,0.715,380.784,47.58600000000001,0.118,106,18,wt,normal;
107,260.29200000000003,916.236,121.724,1368,0.691,389.37,50.592,0.113,107,18,wt,normal;
108,263.22,916.63,111.991,1367,0.7509999999999999,339.872,47.023,0.149,108,18,wt,normal;
109,260.504,916.123,114.829,1680,0.711,405.269,56.301,0.129,109,18,wt,normal;
110,262.058,916.896,108.699,1284,0.68,395.612,48.347,0.103,110,18,wt,normal;
111,261.456,916.253,115.463,1636,0.6890000000000001,460.482,56.185,0.097,111,18,wt,normal;
112,260.757,915.139,94.316,1231,0.747,326.659,43.764,0.145,112,18,wt,normal;
113,261.593,914.848,102.758,1235,0.74,325.73,43.665,0.146,113,18,wt,normal;
114,260.652,914.477,117.848,1279,0.7120000000000001,423.311,47.453,0.09,114,18,wt,normal;
115,261.833,914.73,105.068,1298,0.7140000000000001,372.742,44.957,0.117,115,18,wt,normal;
116,261.12,914.168,119.476,1157,0.715,322.558,43.444,0.14,116,18,wt,normal;
117,259.526,914.145,106.22,1215,0.6920000000000001,359.1269999999999,44.843,0.118,117,18,wt,normal;
118,258.842,914.538,128.83,1136,0.735,319.872,43.317,0.14,118,18,wt,normal;
119,261.371,915.098,111.194,1059,0.691,348.9430000000001,41.066,0.109,119,18,wt,normal;
120,263.992,914.56,110.956,1079,0.6759999999999999,383.085,41.201,0.092,120,18,wt,normal;
121,263.314,914.115,132.97899999999998,1412,0.6679999999999999,418.441,48.69,0.101,121,18,wt,normal;
122,262.85,913.513,106.39,1200,0.726,324.701,43.19300000000001,0.14300000000000002,122,18,wt,normal;
123,262.696,913.227,120.018,1077,0.726,294.274,41.11,0.156,123,18,wt,normal;
124,261.333,914.103,105.642,1098,0.69,368.399,42.11,0.102,124,18,wt,normal;
125,261.873,913.723,123.071,1071,0.696,323.387,41.42100000000001,0.129,125,18,wt,normal;
126,260.558,913.209,147.339,1004,0.726,282.032,39.03,0.159,126,18,wt,normal;
127,262.815,913.635,107.745,1100,0.6920000000000001,332.115,40.995,0.125,127,18,wt,normal;
128,262.286,913.308,112.714,1028,0.7190000000000001,300.759,38.63,0.14300000000000002,128,18,wt,normal;
129,262.882,914.433,107.103,1338,0.703,364.014,46.37,0.127,129,18,wt,normal;
130,262.48,915.518,133.493,1289,0.684,442.867,43.46100000000001,0.083,130,18,wt,normal;
131,261.389,912.656,144.834,1217,0.706,360.742,44.088,0.118,131,18,wt,normal;
132,259.885,912.883,114.274,1269,0.6729999999999999,431.411,46.047,0.086,132,18,wt,normal;
133,263.003,914.849,108.435,1248,0.667,445.453,44.901,0.079,133,18,wt,normal;
134,265.399,914.331,132.064,1217,0.68,403.026,44.018,0.094,134,18,wt,normal;
135,263.285,913.875,143.746,1179,0.659,376.156,42.091,0.105,135,18,wt,normal;
136,263.308,911.438,141.34,1132,0.6809999999999999,329.872,42.705,0.131,136,18,wt,normal;
137,262.803,913.051,140.477,1052,0.6709999999999999,359.8130000000001,39.781,0.102,137,18,wt,normal;
138,263.086,912.154,112.932,1103,0.644,420.198,43.58600000000001,0.079,138,18,wt,normal;
139,258.318,911.177,136.507,1110,0.662,433.169,42.843,0.07400000000000001,139,18,wt,normal;
140,257.147,912.246,129.644,855,0.655,297.487,35.575,0.121,140,18,wt,normal;
141,260.871,912.843,114.538,1182,0.691,344.9430000000001,42.115,0.125,141,18,wt,normal;
142,265.728,913.279,86.566,1131,0.7090000000000001,291.103,39.236,0.168,142,18,wt,normal;
143,265.11400000000003,913.515,132.64700000000002,1180,0.684,365.713,39.019,0.111,143,18,wt,normal;
144,264.968,914.859,108.104,1187,0.679,347.0440000000001,41.076,0.124,144,18,wt,normal;
145,261.828,912.867,102.907,1077,0.647,371.085,38.518,0.098,145,18,wt,normal;
146,264.076,912.139,91.102,1044,0.655,336.014,38.207,0.116,146,18,wt,normal;
147,266.177,913.108,103.173,1025,0.688,352.985,39.254,0.103,147,18,wt,normal;
148,265.202,912.112,127.776,1044,0.6890000000000001,324.316,38.964,0.125,148,18,wt,normal;
149,261.45,910.914,91.219,1000,0.687,308.558,37.598,0.132,149,18,wt,normal;
150,262.209,912.318,137.42,1020,0.6609999999999999,379.37,37.97,0.08900000000000001,150,18,wt,normal;
151,263.014,911.546,148.627,941,0.655,326.458,36.24800000000001,0.111,151,18,wt,normal;
152,263.384,912.781,124.695,879,0.633,274.274,34.548,0.147,152,18,wt,normal;
153,262.945,912.624,127.875,839,0.649,293.345,35.247,0.123,153,18,wt,normal;
154,262.138,911.534,127.875,858,0.6609999999999999,334.843,35.147,0.096,154,18,wt,normal;
155,262.801,912.395,106.699,753,0.665,303.73,32.703,0.103,155,18,wt,normal;
156,262.061,912.157,150.709,883,0.662,308.902,35.846,0.116,156,18,wt,normal;
157,260.684,911.936,141.34,832,0.664,315.588,34.599000000000004,0.105,157,18,wt,normal;
158,263.332,911.954,97.125,897,0.61,399.127,35.491,0.071,158,18,wt,normal;
159,262.415,910.407,156.44799999999995,819,0.669,285.931,33.693000000000005,0.126,159,18,wt,normal;
160,263.331,911.576,115.463,844,0.6559999999999999,286.86,34.711,0.129,160,18,wt,normal;
161,265.55400000000003,910.591,135.0,755,0.649,317.529,32.036,0.094,161,18,wt,normal;
162,264.286,910.302,27.181,682,0.629,269.546,30.856,0.118,162,18,wt,normal;
163,263.714,910.18,123.69,813,0.655,280.032,33.834,0.13,163,18,wt,normal;
164,265.491,911.921,129.289,795,0.664,272.032,32.616,0.135,164,18,wt,normal;
165,265.358,911.524,110.225,697,0.625,285.203,30.361,0.108,165,18,wt,normal;
166,264.291,910.119,113.025,722,0.634,326.558,32.081,0.085,166,18,wt,normal;
167,264.226,911.106,121.701,691,0.632,271.889,31.247,0.117,167,18,wt,normal;
168,264.3,909.822,134.029,690,0.635,310.416,31.465,0.09,168,18,wt,normal;
169,263.285,911.151,150.101,866,0.632,299.73,36.141,0.121,169,18,wt,normal;
170,264.349,910.118,97.943,774,0.616,353.085,33.344,0.078,170,18,wt,normal;
171,263.553,909.126,143.673,599,0.5539999999999999,304.558,29.365,0.081,171,18,wt,normal;
172,263.922,909.373,154.026,528,0.526,325.529,30.076,0.063,172,18,wt,normal;
173,265.34,909.143,130.914,582,0.601,296.073,29.533,0.083,173,18,wt,normal;
174,266.12,911.455,162.553,531,0.588,265.203,26.688,0.095,174,18,wt,normal;
175,266.67900000000003,910.523,83.51700000000002,682,0.585,274.274,30.396,0.114,175,18,wt,normal;
176,263.031,910.417,99.926,689,0.65,248.09,30.451,0.141,176,18,wt,normal;
179,260.201,910.048,133.15200000000002,739,0.649,270.96,33.465,0.126,179,18,wt,normal;
180,260.312,910.656,158.459,596,0.604,270.475,29.531,0.102,180,18,wt,normal;
181,259.446,908.575,115.278,667,0.65,273.446,30.973000000000006,0.112,181,18,wt,normal;
1,359.102,478.668,30.619,1582,0.7709999999999999,347.772,47.646,0.16399999999999998,1,21,wt,normal;
2,364.197,484.755,40.815,1649,0.769,409.754,47.617,0.123,2,21,wt,normal;
3,368.973,491.006,2.121,1396,0.746,350.25699999999995,44.569,0.14300000000000002,3,21,wt,normal;normal;
4,373.466,494.841,57.529,1359,0.752,345.529,43.596,0.14300000000000002,4,21,wt,ascus;normal;normal;
5,375.14,498.207,113.629,1366,0.7490000000000001,339.38699999999994,43.125,0.149,5,21,wt,ascus;normal;normal;
6,374.844,505.41,37.972,1351,0.774,306.316,42.66,0.181,6,21,wt,ascus;normal;normal;
7,379.025,507.774,31.293000000000006,1506,0.7440000000000001,351.286,46.967,0.153,7,21,wt,ascus;normal;normal;
8,379.224,511.559,43.56800000000001,1542,0.755,339.42800000000005,48.06399999999999,0.168,8,21,wt,ascus;normal;normal;
9,380.364,513.553,173.66,1424,0.757,328.701,44.901,0.166,9,21,wt,ascus;normal;normal;
10,376.016,517.957,15.642,1404,0.7609999999999999,358.843,45.058,0.13699999999999998,10,21,wt,ascus;normal;normal;
11,374.981,519.536,20.072,1321,0.7390000000000001,336.014,44.084,0.147,11,21,wt,ascus;normal;normal;
12,372.625,521.373,175.515,1302,0.745,335.38699999999994,42.941,0.145,12,21,wt,ascus;normal;normal;
13,368.48800000000006,521.665,33.389,1385,0.7390000000000001,348.843,43.87300000000001,0.14300000000000002,13,21,wt,normal;normal;
14,370.594,523.372,45.0,1676,0.7390000000000001,401.955,50.698,0.13,14,21,wt,ascus;normal;normal;
15,365.695,522.534,23.575,1663,0.7879999999999999,357.227,50.635,0.16399999999999998,15,21,wt,normal;normal;
16,362.952,526.193,16.39,1344,0.762,312.416,44.023,0.173,16,21,wt,normal;
17,360.749,526.4680000000002,40.601,1332,0.732,367.328,44.723,0.124,17,21,wt,normal;
18,359.528,526.466,29.859,1633,0.72,397.269,48.82,0.13,18,21,wt,normal;
19,358.4369999999999,526.641,65.225,1570,0.727,410.68300000000005,46.63399999999999,0.117,19,21,wt,normal;
20,355.074,527.238,74.197,1455,0.765,318.073,46.482,0.181,20,21,wt,normal;
21,355.261,525.612,63.435,1325,0.737,315.73,44.742,0.16699999999999998,21,21,wt,normal;
22,353.579,526.545,46.591,1298,0.7759999999999999,272.617,43.17100000000001,0.219,22,21,wt,normal;
23,348.516,527.953,34.287,1416,0.794,331.872,46.865,0.162,23,21,wt,normal;
24,346.369,528.184,39.668,1382,0.787,280.274,45.353,0.221,24,21,wt,normal;
25,346.047,527.99,18.435,1342,0.765,323.487,44.074,0.161,25,21,wt,normal;
26,344.077,526.281,27.512,1313,0.725,338.6,41.715,0.14400000000000002,26,21,wt,normal;
27,343.9190000000001,525.116,38.29,1293,0.799,300.759,42.041,0.18,27,21,wt,normal;
28,340.016,523.996,47.545,1564,0.7020000000000001,433.754,48.467,0.104,28,21,wt,normal;
29,340.506,525.4069999999998,23.86,1523,0.7609999999999999,325.144,46.895,0.181,29,21,wt,normal;
30,340.797,524.697,41.468,1653,0.77,381.914,49.144,0.142,30,21,wt,normal;
31,338.392,524.837,18.083,1273,0.775,311.245,42.874,0.165,31,21,wt,normal;
32,337.042,524.482,30.411,1327,0.748,323.63,43.175,0.159,32,21,wt,normal;
33,336.612,523.205,73.78,1540,0.757,324.801,48.12300000000001,0.183,33,21,wt,normal;
34,337.501,522.8580000000002,49.93899999999999,1568,0.784,299.345,48.298,0.22,34,21,wt,normal;
35,334.86300000000006,524.462,24.444000000000006,1596,0.705,405.754,49.01300000000001,0.122,35,21,wt,normal;
36,334.525,523.6569999999998,37.694,1411,0.7390000000000001,318.902,44.97,0.174,36,21,wt,normal;
37,334.845,521.196,38.66,1543,0.736,423.654,46.025,0.108,37,21,wt,normal;
38,335.73,520.844,30.411,1423,0.745,394.68300000000005,44.277,0.115,38,21,wt,normal;
39,333.3230000000001,520.476,37.304,1324,0.76,323.144,43.136,0.159,39,21,wt,normal;
40,330.55800000000005,520.883,61.928,1275,0.725,353.085,41.99100000000001,0.129,40,21,wt,normal;
41,332.006,519.938,38.66,1301,0.759,333.42800000000005,41.678,0.147,41,21,wt,normal;
42,329.03,519.525,34.287,1371,0.779,292.517,44.393,0.201,42,21,wt,normal;
43,329.1280000000001,519.7040000000002,47.49,1217,0.762,334.55800000000005,40.722,0.13699999999999998,43,21,wt,normal;
44,325.322,520.702,38.157,1297,0.762,328.0730000000001,42.858,0.151,44,21,wt,normal;
45,328.9240000000001,519.9209999999998,61.99100000000001,1285,0.732,338.115,41.728,0.141,45,21,wt,normal;
46,328.166,519.617,13.761,1252,0.747,335.772,41.258,0.14,46,21,wt,normal;
47,328.287,519.778,32.125,1147,0.735,286.517,40.097,0.17600000000000002,47,21,wt,normal;
48,328.495,518.677,19.983,1086,0.753,306.073,38.411,0.146,48,21,wt,normal;
49,327.272,518.8330000000002,37.504,1367,0.7190000000000001,373.227,43.81,0.123,49,21,wt,normal;
50,324.714,519.013,28.523000000000003,1259,0.736,313.73,41.54600000000001,0.161,50,21,wt,normal;
51,325.305,519.422,7.252999999999999,1362,0.7559999999999999,319.73,43.62600000000001,0.16699999999999998,51,21,wt,normal;
52,326.218,519.398,174.174,1248,0.726,380.884,40.445,0.108,52,21,wt,normal;
53,324.556,520.244,44.215,1377,0.768,331.63,43.069,0.157,53,21,wt,normal;
54,326.826,519.808,5.711,1257,0.75,305.831,41.15600000000001,0.16899999999999998,54,21,wt,normal;
55,325.93,520.8580000000002,50.631,1285,0.75,328.801,41.63800000000001,0.149,55,21,wt,normal;
56,325.627,520.035,60.709,1071,0.74,313.487,38.493,0.13699999999999998,56,21,wt,normal;
57,325.673,520.007,46.548,1212,0.715,336.357,40.107,0.135,57,21,wt,normal;
58,327.508,517.987,33.366,1177,0.7559999999999999,305.144,39.221,0.159,58,21,wt,normal;
59,326.616,517.406,31.759,1167,0.737,311.002,39.458,0.152,59,21,wt,normal;
60,326.777,516.734,50.042,1217,0.767,281.446,40.241,0.193,60,21,wt,normal;
61,328.206,517.391,14.931,1105,0.733,322.558,38.223,0.133,61,21,wt,normal;
62,325.175,518.452,12.804,991,0.728,291.688,36.232,0.146,62,21,wt,normal;
63,325.65,517.762,10.408,1282,0.7559999999999999,296.1740000000001,41.243,0.184,63,21,wt,normal;
64,325.459,518.2130000000002,26.565,1136,0.742,299.588,39.723,0.159,64,21,wt,normal;
65,325.731,517.549,22.714,1063,0.753,265.404,37.621,0.19,65,21,wt,normal;
66,325.271,517.047,20.41,983,0.715,306.416,35.984,0.132,66,21,wt,normal;
67,325.552,518.613,61.18899999999999,1104,0.778,257.647,38.902,0.209,67,21,wt,normal;
68,323.8640000000001,519.757,63.435,1038,0.754,290.073,37.644,0.155,68,21,wt,normal;
69,325.82,518.996,38.853,1005,0.74,295.588,36.104,0.145,69,21,wt,normal;
70,322.253,518.514,57.875,1064,0.7170000000000001,317.973,38.003,0.132,70,21,wt,normal;
71,323.026,517.71,46.548,1185,0.7390000000000001,298.274,40.423,0.16699999999999998,71,21,wt,normal;
72,325.522,516.5459999999998,152.35399999999996,1081,0.7070000000000001,303.245,37.78,0.14800000000000002,72,21,wt,normal;
73,324.431,518.494,83.79700000000003,1048,0.698,352.115,37.754,0.106,73,21,wt,normal;
74,324.4890000000001,517.636,111.371,1043,0.664,370.5,37.501,0.095,74,21,wt,normal;
75,323.591,517.308,65.056,990,0.7390000000000001,315.002,37.404,0.125,75,21,wt,normal;
76,323.874,517.779,74.745,926,0.677,334.6,35.893,0.104,76,21,wt,normal;
77,324.376,518.113,82.569,980,0.6679999999999999,331.38699999999994,36.221,0.112,77,21,wt,normal;
78,322.585,517.795,95.194,913,0.732,289.931,35.665,0.136,78,21,wt,normal;
79,323.281,517.836,41.73,1055,0.715,335.772,37.544,0.118,79,21,wt,normal;
80,324.05,516.911,49.899,992,0.687,298.902,36.453,0.14,80,21,wt,normal;
81,323.722,517.059,139.686,922,0.705,273.345,34.871,0.155,81,21,wt,normal;
82,324.394,517.628,10.081,900,0.6829999999999999,314.902,34.647,0.114,82,21,wt,normal;
83,322.565,517.5169999999998,154.592,1010,0.7390000000000001,295.588,36.662,0.145,83,21,wt,normal;
84,321.205,517.245,5.08,874,0.6709999999999999,308.316,36.347,0.116,84,21,wt,normal;
85,322.201,516.826,45.909,994,0.711,305.588,36.14,0.134,85,21,wt,normal;
86,323.902,516.81,164.055,851,0.7120000000000001,242.333,33.448,0.182,86,21,wt,normal;
87,324.785,516.7959999999998,68.962,895,0.759,226.777,35.094,0.219,87,21,wt,normal;
88,324.949,516.561,173.047,835,0.727,249.546,34.11,0.168,88,21,wt,normal;
89,322.091,517.001,57.995,1057,0.7440000000000001,292.86,37.624,0.155,89,21,wt,normal;
90,323.131,517.111,45.881,977,0.6970000000000001,295.487,36.118,0.141,90,21,wt,normal;
91,323.728,517.8480000000002,40.855,959,0.6579999999999999,310.659,36.087,0.125,91,21,wt,normal;
92,324.452,517.8969999999998,61.699,935,0.7140000000000001,272.718,34.816,0.158,92,21,wt,normal;
93,325.482,516.592,11.768,1013,0.6609999999999999,344.843,36.082,0.107,93,21,wt,normal;
94,324.744,517.933,149.47,945,0.695,368.014,35.769,0.08800000000000001,94,21,wt,normal;
95,324.652,516.7040000000002,30.069000000000006,909,0.6990000000000001,282.759,35.016,0.14300000000000002,95,21,wt,normal;
96,325.01,517.062,129.806,1044,0.716,319.872,36.85,0.128,96,21,wt,normal;
97,324.285,516.4590000000002,9.866,1015,0.706,294.274,36.46,0.147,97,21,wt,normal;
98,324.786,517.373,11.768,960,0.6759999999999999,358.014,37.133,0.094,98,21,wt,normal;
99,324.518,515.461,161.565,888,0.687,297.002,34.093,0.127,99,21,wt,normal;
100,327.49,514.7230000000002,148.392,920,0.6759999999999999,345.286,35.57,0.097,100,21,wt,normal;
101,325.397,516.073,60.422,836,0.736,245.404,34.788000000000004,0.174,101,21,wt,normal;
102,324.699,514.8,37.349,906,0.7,283.931,36.359,0.141,102,21,wt,normal;
103,324.066,516.3340000000002,59.265,907,0.745,247.161,35.359,0.187,103,21,wt,normal;
104,325.256,516.805,123.341,926,0.721,281.103,36.413,0.147,104,21,wt,normal;
105,324.279,514.807,43.091,873,0.733,252.233,33.615,0.172,105,21,wt,normal;
106,323.622,514.014,129.806,937,0.674,313.973,37.088,0.119,106,21,wt,normal;
107,325.349,515.163,155.898,873,0.708,234.333,34.24,0.2,107,21,wt,normal;
108,325.478,515.014,50.71100000000001,914,0.72,279.103,35.15,0.147,108,21,wt,normal;
109,325.443,514.519,12.171,1147,0.672,345.085,39.245,0.121,109,21,wt,normal;
110,326.041,515.347,92.793,863,0.74,248.818,33.73,0.175,110,21,wt,normal;
111,325.432,513.874,26.565,1087,0.6679999999999999,358.701,37.616,0.106,111,21,wt,normal;
112,326.411,514.168,63.435,888,0.7120000000000001,242.333,34.076,0.19,112,21,wt,normal;
113,327.245,515.021,123.69,890,0.705,294.517,34.846,0.129,113,21,wt,normal;
114,326.315,513.309,159.14600000000004,915,0.723,251.161,35.05,0.182,114,21,wt,normal;
115,327.6,515.244,107.592,893,0.706,239.161,34.409,0.196,115,21,wt,normal;
116,326.41,514.596,55.95399999999999,873,0.6729999999999999,318.316,34.9,0.108,116,21,wt,normal;
117,326.033,514.322,116.565,883,0.703,248.132,34.766,0.18,117,21,wt,normal;
118,326.315,512.549,29.745,885,0.6890000000000001,322.558,34.58,0.107,118,21,wt,normal;
119,326.563,512.188,65.13600000000001,917,0.685,302.316,34.68,0.126,119,21,wt,normal;
120,327.051,512.747,8.326,806,0.7090000000000001,273.446,33.462,0.135,120,21,wt,normal;
121,328.7030000000001,512.842,30.763,1099,0.7020000000000001,334.357,40.082,0.124,121,21,wt,normal;
122,328.681,512.573,59.47,945,0.722,285.446,35.506,0.146,122,21,wt,normal;
123,328.6330000000001,511.857,149.931,883,0.696,289.688,35.61,0.132,123,21,wt,normal;
124,327.411,512.278,100.784,856,0.7040000000000001,279.931,33.236999999999995,0.13699999999999998,124,21,wt,normal;
125,328.064,512.9630000000002,86.186,903,0.6829999999999999,306.073,34.864000000000004,0.121,125,21,wt,normal;
126,326.963,511.991,55.222,915,0.7170000000000001,289.345,34.582,0.13699999999999998,126,21,wt,normal;
127,329.131,511.73,73.301,845,0.7290000000000001,237.505,33.928000000000004,0.188,127,21,wt,normal;
128,329.431,512.4580000000002,50.356,888,0.687,336.6,33.988,0.098,128,21,wt,normal;
129,329.672,512.481,55.67,1048,0.6729999999999999,389.127,38.937,0.087,129,21,wt,normal;
130,328.22,514.0930000000002,14.323,996,0.68,263.061,36.546,0.181,130,21,wt,normal;
131,327.866,513.825,58.815,919,0.6859999999999999,317.831,34.986999999999995,0.114,131,21,wt,normal;
132,327.438,513.869,50.793,1017,0.645,337.286,37.06,0.112,132,21,wt,normal;
133,327.797,512.7230000000002,54.605,1033,0.7170000000000001,341.73,37.838,0.111,133,21,wt,normal;
134,328.486,513.393,67.751,970,0.68,304.073,37.788,0.132,134,21,wt,normal;
135,327.247,514.064,32.381,1004,0.6709999999999999,323.144,37.999,0.121,135,21,wt,normal;
136,327.45,512.256,147.339,979,0.6609999999999999,321.73,35.534,0.119,136,21,wt,normal;
137,326.363,511.722,54.904,928,0.655,309.144,35.782,0.122,137,21,wt,normal;
138,326.968,511.205,44.19300000000001,982,0.685,299.345,36.877,0.138,138,21,wt,normal;
139,326.652,512.617,159.305,987,0.675,317.144,36.757,0.123,139,21,wt,normal;
140,327.197,512.382,53.13,746,0.687,239.505,31.208,0.163,140,21,wt,normal;
141,327.012,513.99,65.925,1075,0.639,392.299,39.185,0.08800000000000001,141,21,wt,normal;
142,328.509,512.802,42.51,1028,0.647,409.269,38.276,0.077,142,21,wt,normal;
143,326.97,512.714,45.0,999,0.6829999999999999,295.002,37.536,0.14400000000000002,143,21,wt,normal;
144,327.67,513.7040000000002,22.011,1076,0.684,356.357,39.649,0.106,144,21,wt,normal;
145,326.907,513.768,171.87,964,0.736,216.291,35.449,0.259,145,21,wt,normal;
146,327.553,511.524,161.966,970,0.685,354.843,36.221,0.097,146,21,wt,normal;
147,327.629,511.414,23.703000000000007,918,0.679,322.316,34.499,0.111,147,21,wt,normal;
148,327.644,511.725,21.318,986,0.715,319.144,36.165,0.122,148,21,wt,normal;
149,327.243,511.473,43.091,856,0.6809999999999999,318.801,33.545,0.106,149,21,wt,normal;
150,326.202,511.55800000000005,43.21,893,0.672,292.759,34.54,0.131,150,21,wt,normal;
151,327.469,511.603,58.392,889,0.648,337.529,34.701,0.098,151,21,wt,normal;
152,328.146,510.401,75.65100000000002,865,0.6659999999999999,280.375,33.832,0.138,152,21,wt,normal;
153,328.19699999999995,511.811,78.69,778,0.614,276.617,31.688,0.128,153,21,wt,normal;
154,328.564,509.851,84.685,827,0.685,267.061,32.596,0.146,154,21,wt,normal;
155,329.61300000000006,512.117,174.92,752,0.617,338.843,31.83,0.08199999999999999,155,21,wt,normal;
156,329.699,512.0830000000002,35.395,845,0.625,340.115,33.381,0.092,156,21,wt,normal;
157,329.083,510.588,25.278,736,0.7090000000000001,240.43400000000003,30.955,0.16,157,21,wt,normal;
158,328.589,510.963,156.80100000000004,870,0.649,320.659,34.897,0.106,158,21,wt,normal;
159,328.496,510.389,166.293,737,0.655,288.274,31.729,0.111,159,21,wt,normal;
160,327.954,510.108,52.352,795,0.655,275.203,33.285,0.132,160,21,wt,normal;
161,329.131,510.267,8.531,700,0.662,259.99,30.694000000000006,0.13,161,21,wt,normal;
162,329.212,509.79,71.11399999999998,614,0.626,275.546,30.657,0.102,162,21,wt,normal;
163,329.586,509.864,29.578000000000007,771,0.6579999999999999,282.86,32.169000000000004,0.121,163,21,wt,normal;
164,330.3830000000001,509.566,62.24100000000001,763,0.649,280.86,32.848,0.122,164,21,wt,normal;
165,329.23800000000006,510.606,76.293,709,0.616,299.345,31.165,0.099,165,21,wt,normal;
166,330.491,509.377,44.029,682,0.606,325.772,30.576,0.081,166,21,wt,normal;
167,330.62,508.196,174.428,708,0.6459999999999999,299.002,32.235,0.1,167,21,wt,normal;
168,330.324,506.453,49.08600000000001,636,0.624,280.617,30.203000000000007,0.101,168,21,wt,normal;
169,328.4190000000001,509.573,31.608,824,0.6629999999999999,331.63,34.405,0.094,169,21,wt,normal;
170,328.626,509.03,51.76600000000001,709,0.643,296.617,30.853,0.101,170,21,wt,normal;
171,329.264,507.644,18.435,568,0.584,283.103,28.111,0.08900000000000001,171,21,wt,normal;
173,331.329,507.143,19.44,510,0.608,246.333,27.438,0.106,173,21,wt,normal;
175,330.376,506.404,29.197,612,0.595,277.546,29.131,0.1,175,21,wt,normal;
176,330.091,507.36800000000005,95.315,673,0.614,260.86,30.508000000000006,0.124,176,21,wt,normal;
179,328.769,509.167,47.911,685,0.5820000000000001,299.387,30.249,0.096,179,21,wt,normal;
180,328.164,508.85,145.125,611,0.586,273.103,28.067,0.103,180,21,wt,normal;
181,331.0780000000001,505.404,41.055,607,0.565,349.671,28.655,0.062,181,21,wt,normal;
1,419.518,578.955,30.041,3066,0.775,583.762,88.055,0.113,1,22,wt,ascus;normal;
2,418.93,591.172,16.04,3043,0.772,611.519,75.828,0.102,2,22,wt,ascus;normal;
3,430.6,584.9259999999998,42.221,2441,0.759,486.666,63.34,0.13,3,22,wt,ascus;normal;
4,472.16,555.065,56.602,2665,0.7240000000000001,582.105,97.53,0.099,4,22,wt,ascus;normal;
5,488.5,553.621,64.916,2786,0.762,558.891,96.162,0.112,5,22,wt,ascus;normal;
6,486.55,560.378,52.237,2923,0.7709999999999999,559.235,82.09899999999998,0.117,6,22,wt,ascus;normal;
7,482.519,568.627,54.846,2961,0.775,582.548,75.763,0.11,7,22,wt,ascus;normal;
8,459.18,590.7040000000002,49.794,3217,0.716,667.159,94.052,0.091,8,22,wt,ascus;normal;
9,457.374,602.136,28.511,3194,0.7659999999999999,607.661,84.10799999999998,0.109,9,22,wt,ascus;normal;
10,452.865,603.781,34.408,2914,0.7609999999999999,601.762,78.03399999999998,0.101,10,22,wt,ascus;normal;
11,477.763,574.497,43.53100000000001,3080,0.7340000000000001,678.1289999999998,96.566,0.084,11,22,wt,ascus;normal;
12,488.411,566.847,54.058,3050,0.77,584.7909999999998,85.081,0.112,12,22,wt,ascus;normal;
13,488.359,568.92,55.84,3622,0.747,746.313,85.448,0.08199999999999999,13,22,wt,ascus;normal;
16,471.985,587.361,50.807,3262,0.792,536.607,76.033,0.142,16,22,wt,ascus;normal;
17,429.871,621.851,43.152,3472,0.764,659.945,96.916,0.1,17,22,wt,ascus;normal;
18,418.094,637.562,24.128,4266,0.7240000000000001,776.698,90.525,0.08900000000000001,18,22,wt,ascus;normal;
19,415.336,640.927,23.629,4190,0.763,702.857,91.181,0.107,19,22,wt,ascus;normal;
20,416.46,633.9830000000002,31.201,3251,0.757,629.117,71.235,0.103,20,22,wt,ascus;normal;
21,465.758,580.778,52.431,3872,0.778,663.502,103.169,0.111,21,22,wt,ascus;normal;
23,459.814,582.349,52.507,3711,0.797,661.6439999999999,80.373,0.107,23,22,wt,ascus;normal;
24,417.55800000000005,620.22,46.109,4138,0.78,650.188,95.691,0.123,24,22,wt,ascus;normal;
25,404.408,643.6669999999998,21.468000000000004,4059,0.7490000000000001,730.1289999999998,84.315,0.096,25,22,wt,ascus;normal;
26,404.055,636.4630000000002,7.595,3751,0.76,635.217,79.548,0.117,26,22,wt,ascus;normal;
27,427.346,601.283,38.928,3768,0.78,633.117,91.045,0.118,27,22,wt,ascus;normal;
28,468.593,568.594,71.012,4301,0.787,725.727,87.24700000000001,0.103,28,22,wt,ascus;normal;
29,475.017,569.313,95.886,4394,0.8079999999999999,610.347,86.97399999999998,0.14800000000000002,29,22,wt,ascus;normal;
31,467.755,574.339,104.845,3715,0.775,619.318,73.044,0.122,31,22,wt,ascus;normal;
32,410.184,609.32,54.293,4539,0.769,789.668,110.539,0.091,32,22,wt,ascus;normal;
34,394.324,622.868,40.972,4706,0.728,775.668,82.90700000000002,0.098,34,22,wt,ascus;normal;
35,440.232,583.2330000000002,53.637,4790,0.7859999999999999,738.8989999999999,102.494,0.11,35,22,wt,ascus;normal;
36,448.912,577.995,47.764,4371,0.785,678.1289999999998,92.623,0.119,36,22,wt,ascus;normal;
37,430.443,591.724,33.69,4317,0.779,767.727,83.072,0.092,37,22,wt,ascus;normal;
38,391.371,639.0169999999998,24.444000000000006,4696,0.774,712.857,93.645,0.116,38,22,wt,ascus;normal;
39,388.828,641.716,23.429,4309,0.7609999999999999,791.6089999999998,85.238,0.086,39,22,wt,ascus;normal;
40,398.192,621.104,33.341,3843,0.795,652.188,80.449,0.114,40,22,wt,ascus;normal;
41,435.081,583.347,51.988,4266,0.785,649.46,102.863,0.127,41,22,wt,ascus;normal;
42,429.954,584.125,38.089,4200,0.787,673.058,81.961,0.117,42,22,wt,ascus;normal;
43,405.358,610.307,45.807,4115,0.794,622.874,89.57,0.133,43,22,wt,ascus;normal;
44,400.746,614.385,36.254,4204,0.7609999999999999,690.23,84.26,0.111,44,22,wt,ascus;normal;
45,431.834,577.664,43.831,4344,0.7609999999999999,790.94,91.779,0.087,45,22,wt,ascus;normal;
46,434.125,576.705,45.424,4011,0.765,659.7439999999998,81.958,0.116,46,22,wt,ascus;normal;
47,430.233,579.56,75.801,3708,0.7659999999999999,711.7860000000002,77.592,0.092,47,22,wt,ascus;normal;
48,430.658,577.863,25.959,3453,0.779,647.845,74.22399999999998,0.103,48,22,wt,ascus;normal;
49,431.141,581.419,82.321,4133,0.777,730.313,79.429,0.097,49,22,wt,ascus;normal;
50,426.826,583.933,48.633,3913,0.757,662.087,75.314,0.112,50,22,wt,ascus;normal;
51,400.266,606.627,47.49,4799,0.7509999999999999,891.793,100.293,0.076,51,22,wt,ascus;normal;
52,392.252,618.802,40.301,4545,0.7390000000000001,968.646,90.532,0.061,52,22,wt,ascus;normal;
53,393.994,617.471,52.431,4607,0.7809999999999999,819.71,86.008,0.086,53,22,wt,ascus;normal;
54,405.17,608.014,51.532,4098,0.763,781.568,79.04,0.084,54,22,wt,ascus;normal;
55,411.349,599.252,34.846,4211,0.759,749.5260000000002,82.039,0.094,55,22,wt,ascus;normal;
56,442.617,585.702,66.405,3938,0.777,726.171,87.225,0.094,56,22,wt,ascus;normal;
57,437.844,578.021,59.789,3869,0.777,649.945,78.712,0.115,57,22,wt,ascus;normal;
58,415.078,593.8430000000002,56.31,4177,0.762,734.2710000000002,94.471,0.097,58,22,wt,ascus;normal;
59,399.492,606.034,53.471,4243,0.745,687.6439999999999,88.209,0.113,59,22,wt,ascus;normal;
60,416.719,588.193,43.29,4019,0.79,665.2589999999999,83.68299999999998,0.114,60,22,wt,ascus;normal;
61,441.663,572.408,54.53,3886,0.7859999999999999,713.2,91.591,0.096,61,22,wt,ascus;normal;
62,431.086,578.01,50.464,3434,0.79,582.205,72.158,0.127,62,22,wt,ascus;normal;
63,401.469,600.729,44.621,4608,0.7759999999999999,820.053,95.058,0.086,63,22,wt,ascus;normal;
64,391.1,615.607,27.084,4136,0.775,681.0160000000002,87.48899999999998,0.112,64,22,wt,ascus;normal;
65,398.346,608.674,38.157,3670,0.772,653.987,76.39699999999998,0.108,65,22,wt,ascus;normal;
66,432.044,578.681,49.08600000000001,3748,0.7929999999999999,623.217,88.04700000000003,0.121,66,22,wt,ascus;normal;
67,440.86800000000005,573.617,52.651,4103,0.79,682.431,87.096,0.111,67,22,wt,ascus;normal;
68,425.898,581.998,42.23,3594,0.775,691.301,75.16199999999998,0.095,68,22,wt,ascus;normal;
69,418.871,588.5880000000002,67.834,3696,0.755,728.029,77.238,0.08800000000000001,69,22,wt,ascus;normal;
70,432.227,579.063,36.18,3382,0.7909999999999999,570.548,72.752,0.131,70,22,wt,ascus;normal;
71,448.746,567.5880000000002,46.736,3847,0.76,734.2710000000002,82.22200000000002,0.09,71,22,wt,ascus;normal;
72,438.309,574.0369999999998,87.306,3576,0.754,677.7860000000002,72.108,0.098,72,22,wt,ascus;normal;
73,414.551,591.534,45.807,3877,0.763,776.84,88.884,0.081,73,22,wt,ascus;normal;
74,415.7480000000001,592.336,62.301,3688,0.768,598.247,82.359,0.129,74,22,wt,ascus;normal;
75,422.054,587.535,40.746,3491,0.77,635.945,74.962,0.108,75,22,wt,ascus;normal;
76,422.735,586.942,54.846,3093,0.7490000000000001,641.803,72.95,0.094,76,22,wt,ascus;normal;
77,406.894,598.085,55.154,3682,0.753,702.413,87.229,0.094,77,22,wt,ascus;normal;
78,398.501,607.761,51.532,3736,0.787,688.9580000000002,84.311,0.099,78,22,wt,ascus;normal;
79,409.283,599.51,51.953,3715,0.752,759.4839999999998,74.57600000000002,0.081,79,22,wt,ascus;normal;
80,430.015,580.7869999999998,56.646,3469,0.7659999999999999,627.803,87.26700000000002,0.111,80,22,wt,ascus;normal;
81,447.099,570.284,65.854,3432,0.778,639.217,84.978,0.106,81,22,wt,ascus;normal;
82,435.108,577.0880000000002,37.999,3376,0.7559999999999999,697.8860000000002,71.645,0.087,82,22,wt,ascus;normal;
83,414.894,587.4780000000002,62.07100000000001,3468,0.76,673.301,83.303,0.096,83,22,wt,ascus;normal;
84,404.449,597.2180000000002,53.379,3256,0.774,597.762,81.192,0.115,84,22,wt,ascus;normal;
85,413.217,592.379,40.746,3430,0.792,604.69,76.059,0.118,85,22,wt,ascus;normal;
86,412.355,593.373,37.528,3124,0.732,725.443,75.289,0.075,86,22,wt,ascus;normal;
87,394.626,612.214,37.776,3519,0.7090000000000001,819.852,86.47,0.066,87,22,wt,ascus;normal;
88,404.994,600.284,38.199,3047,0.778,552.891,69.3,0.125,88,22,wt,ascus;normal;
89,426.344,579.5840000000002,49.399,3606,0.767,631.904,87.601,0.113,89,22,wt,ascus;normal;
90,428.414,577.49,46.397,3251,0.7659999999999999,597.1759999999998,75.863,0.115,90,22,wt,ascus;normal;
91,414.447,593.691,41.73,3663,0.728,760.94,84.921,0.079,91,22,wt,ascus;normal;
92,402.375,607.762,40.272,3688,0.7440000000000001,705.301,83.71700000000001,0.093,92,22,wt,ascus;normal;
93,416.365,596.529,33.158,3413,0.732,692.9580000000002,75.11,0.08900000000000001,93,22,wt,ascus;normal;
94,422.02,587.2280000000002,27.897,4039,0.7090000000000001,855.9939999999998,79.096,0.069,94,22,wt,ascus;normal;
95,418.789,590.675,47.01,3191,0.7829999999999999,612.874,69.173,0.107,95,22,wt,ascus;normal;
96,410.989,598.756,51.736,3745,0.745,707.342,77.888,0.094,96,22,wt,ascus;normal;
97,415.18300000000005,592.255,55.95399999999999,3794,0.715,750.313,76.193,0.085,97,22,wt,ascus;normal;
98,419.095,589.155,39.719,3390,0.7759999999999999,635.117,73.542,0.106,98,22,wt,ascus;normal;
99,419.381,589.201,33.69,3331,0.795,557.377,72.97399999999998,0.135,99,22,wt,ascus;normal;
100,431.265,582.922,50.845,3468,0.763,658.087,80.507,0.101,100,22,wt,ascus;normal;
101,442.963,574.648,61.607,3143,0.765,530.264,75.756,0.14,101,22,wt,ascus;normal;
102,421.1,584.955,59.697,3614,0.784,646.975,80.539,0.108,102,22,wt,ascus;normal;
103,401.045,605.104,35.676,3854,0.76,703.585,84.855,0.098,103,22,wt,ascus;normal;
104,412.778,594.939,37.933,3567,0.768,595.862,75.33,0.126,104,22,wt,ascus;normal;
105,413.112,593.641,47.911,3427,0.7759999999999999,570.548,73.895,0.132,105,22,wt,ascus;normal;
106,421.054,586.742,46.494,3410,0.79,537.335,73.104,0.14800000000000002,106,22,wt,ascus;normal;
107,426.939,579.914,40.601,3427,0.775,566.205,72.764,0.134,107,22,wt,ascus;normal;
108,421.45,584.981,54.62,3429,0.782,628.531,73.973,0.109,108,22,wt,ascus;normal;
109,413.77,591.02,54.752,3843,0.7709999999999999,696.9580000000002,79.22800000000002,0.099,109,22,wt,ascus;normal;
110,416.768,591.436,43.059,3297,0.778,549.578,74.458,0.13699999999999998,110,22,wt,ascus;normal;
111,420.351,586.259,45.0,3893,0.747,829.0239999999999,78.199,0.071,111,22,wt,ascus;normal;
112,419.222,589.452,30.63,3391,0.7709999999999999,643.602,74.923,0.103,112,22,wt,ascus;normal;
113,415.449,595.288,38.047,3510,0.768,628.389,76.635,0.112,113,22,wt,ascus;normal;
114,415.326,593.806,53.53100000000001,3309,0.763,622.874,73.34899999999998,0.107,114,22,wt,ascus;normal;
115,416.819,592.7180000000002,21.93,3376,0.768,582.548,73.13,0.125,115,22,wt,ascus;normal;
116,426.039,584.618,53.556,3132,0.77,560.7909999999998,70.457,0.125,116,22,wt,ascus;normal;
117,427.829,580.256,54.545,3234,0.7759999999999999,612.8330000000002,71.247,0.108,117,22,wt,ascus;normal;
118,424.019,585.872,50.464,3209,0.76,637.602,71.251,0.099,118,22,wt,ascus;normal;
119,417.892,589.341,43.995,3098,0.7859999999999999,520.95,71.832,0.14300000000000002,119,22,wt,ascus;normal;
120,417.321,590.951,53.276,3030,0.768,575.9209999999998,69.187,0.115,120,22,wt,ascus;normal;
121,417.057,590.4580000000002,42.745,3758,0.733,747.041,75.086,0.085,121,22,wt,ascus;normal;
122,424.45,582.453,43.506,3383,0.7829999999999999,611.661,71.789,0.114,122,22,wt,ascus;normal;
123,421.383,586.0790000000002,48.122,3183,0.795,573.477,68.152,0.122,123,22,wt,ascus;normal;
124,421.051,586.306,41.878,3197,0.778,539.092,68.16,0.138,124,22,wt,ascus;normal;
125,420.473,587.947,49.16,3211,0.773,594.004,67.96,0.114,125,22,wt,ascus;normal;
126,420.207,587.217,55.349,3216,0.7709999999999999,587.235,69.452,0.117,126,22,wt,ascus;normal;
127,422.048,588.04,35.111999999999995,3112,0.775,591.762,67.675,0.112,127,22,wt,ascus;normal;
128,424.17800000000005,585.293,33.896,3059,0.765,573.477,66.806,0.117,128,22,wt,ascus;normal;
129,423.03,586.419,52.184,3695,0.748,683.543,72.13,0.099,129,22,wt,ascus;normal;
130,422.31,586.56,44.091,3583,0.738,643.318,72.182,0.109,130,22,wt,ascus;normal;
131,413.769,591.107,47.643,3859,0.753,774.212,77.061,0.081,131,22,wt,ascus;normal;
132,416.021,588.894,38.346,3734,0.757,744.597,74.03699999999998,0.085,132,22,wt,ascus;normal;
133,420.052,585.58,50.11,3704,0.759,781.082,73.748,0.076,133,22,wt,ascus;normal;
134,423.652,586.518,35.53800000000001,3601,0.76,712.2710000000002,72.875,0.08900000000000001,134,22,wt,ascus;normal;
135,417.394,592.805,45.93899999999999,3816,0.755,681.159,75.987,0.103,135,22,wt,ascus;normal;
136,415.644,591.386,40.314,3561,0.774,656.087,74.012,0.104,136,22,wt,ascus;normal;
137,422.24300000000005,584.122,77.164,3434,0.7659999999999999,621.418,70.169,0.112,137,22,wt,ascus;normal;
138,421.211,585.133,42.184,3641,0.752,753.97,72.718,0.08,138,22,wt,ascus;normal;
139,417.942,588.335,54.162,3663,0.741,689.159,74.17699999999998,0.097,139,22,wt,ascus;normal;
140,418.757,588.571,18.435,3062,0.7559999999999999,600.732,69.202,0.107,140,22,wt,ascus;normal;
141,417.909,588.659,52.624,3754,0.733,726.7560000000002,75.00399999999998,0.08900000000000001,141,22,wt,ascus;normal;
142,418.198,589.934,56.31,3665,0.725,823.6089999999998,75.422,0.068,142,22,wt,ascus;normal;
143,420.11800000000005,584.9,41.18600000000001,3522,0.767,618.004,72.46300000000002,0.116,143,22,wt,ascus;normal;
144,419.402,584.735,32.619,3658,0.728,763.1410000000002,73.098,0.079,144,22,wt,ascus;normal;
145,420.144,584.935,46.42,3374,0.728,746.9989999999998,70.61399999999998,0.076,145,22,wt,ascus;normal;
146,417.698,587.066,50.194,3441,0.757,615.661,73.89399999999998,0.114,146,22,wt,ascus;normal;
147,417.022,588.067,53.673,3404,0.7609999999999999,585.034,73.335,0.125,147,22,wt,ascus;normal;
148,416.992,587.631,42.78,3552,0.737,630.632,73.707,0.112,148,22,wt,ascus;normal;
149,424.749,580.335,52.595,3404,0.742,685.7439999999998,72.918,0.091,149,22,wt,ascus;normal;
150,433.1880000000001,571.031,37.376,3448,0.7290000000000001,628.975,76.982,0.11,150,22,wt,ascus;normal;
151,427.663,576.181,38.766,3243,0.757,594.004,68.825,0.115,151,22,wt,ascus;normal;
152,426.569,578.503,51.34,3197,0.777,591.561,67.19800000000001,0.115,152,22,wt,ascus;normal;
153,424.452,581.4,35.287,2990,0.752,590.205,65.327,0.108,153,22,wt,ascus;normal;
154,426.12,581.283,42.955,2881,0.752,587.9630000000002,66.21300000000001,0.105,154,22,wt,ascus;normal;
155,422.775,583.512,53.746,2874,0.7559999999999999,552.992,65.715,0.118,155,22,wt,ascus;normal;
156,423.963,584.883,46.494,2989,0.768,548.264,67.55,0.125,156,22,wt,ascus;normal;
157,419.448,586.109,26.896,2926,0.75,574.548,66.694,0.111,157,22,wt,ascus;normal;
158,418.418,585.686,53.427,3168,0.763,558.992,67.181,0.127,158,22,wt,ascus;normal;
159,418.63,585.595,32.471,2901,0.754,538.507,65.815,0.126,159,22,wt,ascus;normal;
160,420.657,584.773,46.005,3078,0.748,619.602,67.608,0.101,160,22,wt,ascus;normal;
161,422.374,584.431,31.357,2722,0.725,571.619,62.646,0.105,161,22,wt,ascus;normal;
162,419.515,586.078,50.492,2618,0.759,591.862,63.73,0.094,162,22,wt,ascus;normal;
163,420.326,583.8380000000002,49.927,2892,0.732,627.803,66.27,0.092,163,22,wt,ascus;normal;
164,421.504,584.953,35.707,3059,0.748,598.874,66.29,0.107,164,22,wt,ascus;normal;
165,420.98,584.7869999999998,48.302,2698,0.764,527.678,63.223,0.122,165,22,wt,ascus;normal;
166,424.12,582.4019999999998,48.674,2658,0.75,527.678,63.254,0.12,166,22,wt,ascus;normal;
167,421.838,582.54,56.094,2767,0.752,623.904,62.577,0.08900000000000001,167,22,wt,ascus;normal;
168,422.881,581.222,53.13,2767,0.7709999999999999,493.352,63.104,0.14300000000000002,168,22,wt,ascus;normal;
169,422.926,581.403,40.914,3094,0.736,633.117,66.791,0.097,169,22,wt,ascus;normal;
170,424.154,580.612,22.504,2811,0.747,607.561,62.258,0.096,170,22,wt,ascus;normal;
171,424.617,580.346,37.519,2611,0.743,575.862,60.51600000000001,0.099,171,22,wt,ascus;normal;
172,424.923,579.7769999999998,78.845,2359,0.722,558.306,59.151,0.095,172,22,wt,ascus;normal;
173,423.382,580.323,59.534,2695,0.721,682.23,63.33,0.073,173,22,wt,ascus;normal;
174,425.847,581.321,28.355,2378,0.748,511.779,60.01300000000001,0.114,174,22,wt,ascus;normal;
175,419.535,589.823,38.66,3050,0.742,590.933,72.165,0.11,175,22,wt,ascus;normal;
176,418.762,589.9159999999998,9.462,2947,0.7390000000000001,663.7439999999998,67.831,0.084,176,22,wt,ascus;normal;
177,415.346,590.32,41.112,2483,0.7490000000000001,599.034,62.747,0.087,177,22,wt,ascus;normal;
178,417.564,589.351,15.396,2344,0.741,523.536,61.246,0.107,178,22,wt,ascus;normal;
179,416.319,589.984,30.838,2892,0.772,538.507,66.34,0.125,179,22,wt,ascus;normal;
180,417.67800000000005,587.725,49.236,2764,0.726,579.9630000000002,64.373,0.103,180,22,wt,ascus;normal;
181,418.291,586.8240000000002,24.044,2625,0.768,452.524,63.19300000000001,0.161,181,22,wt,ascus;normal;
1,322.382,586.0830000000002,106.189,2197,0.742,502.423,53.6,0.109,1,24,wt,normal;
2,326.318,594.648,168.158,2194,0.77,462.382,54.041,0.129,2,24,wt,normal;
3,476.865,14.095,131.532,986,0.804,240.149,38.215,0.215,3,24,wt,_none_
3,331.161,599.7180000000002,68.199,1840,0.767,360.014,49.011,0.17800000000000002,3,24,wt,normal;
4,469.162,31.152,38.55,2955,0.8009999999999999,539.737,73.115,0.127,4,24,wt,_none_
4,334.9790000000001,606.867,104.036,1756,0.76,372.056,47.951,0.159,4,24,wt,normal;
5,340.522,607.863,166.46400000000003,1754,0.7859999999999999,383.914,48.249,0.15,5,24,wt,normal;
5,474.96,22.009,47.291,2265,0.809,430.056,56.723,0.154,5,24,wt,_none_
6,474.942,12.26,86.367,1198,0.7759999999999999,294.09,50.953,0.174,6,24,wt,_none_
6,338.051,614.452,131.468,1746,0.7659999999999999,371.914,47.677,0.159,6,24,wt,normal;
7,338.656,617.1419999999998,76.866,1920,0.7509999999999999,441.21,50.772,0.124,7,24,wt,normal;
8,340.684,621.043,20.973000000000006,1935,0.72,453.897,50.368,0.118,8,24,wt,normal;
9,342.05800000000005,624.596,63.869,1757,0.777,356.9430000000001,47.67,0.173,9,24,wt,normal;
9,479.941,15.827,95.974,2066,0.782,439.914,68.507,0.134,9,24,wt,_none_
10,458.152,25.575,82.875,4676,0.7120000000000001,844.497,109.501,0.08199999999999999,10,24,wt,_none_
10,341.728,624.521,62.56,1686,0.758,350.5,47.489,0.172,10,24,wt,normal;
11,340.028,628.373,60.124,1568,0.7609999999999999,373.571,44.966,0.141,11,24,wt,normal;
12,335.742,632.066,13.536,1503,0.737,385.8130000000001,44.389,0.127,12,24,wt,normal;
13,330.975,632.25,142.549,1752,0.721,428.34,47.589,0.12,13,24,wt,normal;
14,332.853,634.455,86.309,1924,0.748,432.583,50.053,0.129,14,24,wt,normal;
15,325.301,637.119,29.407,1898,0.755,416.926,50.411,0.13699999999999998,15,24,wt,normal;
16,326.4,637.9540000000002,42.06399999999999,1609,0.759,373.772,46.401,0.145,16,24,wt,normal;
17,329.61300000000006,633.0369999999998,66.541,1612,0.718,418.583,46.16,0.116,17,24,wt,normal;
18,322.392,639.545,70.233,1983,0.713,481.151,52.926,0.108,18,24,wt,normal;
19,319.824,638.313,111.161,1883,0.706,554.649,52.503,0.077,19,24,wt,normal;
20,318.315,637.248,77.574,1745,0.727,405.713,48.289,0.133,20,24,wt,normal;
21,314.152,637.391,167.829,1436,0.802,309.002,43.231,0.189,21,24,wt,normal;
22,310.927,639.964,50.332,1476,0.777,301.73,44.487,0.204,22,24,wt,normal;
23,308.646,640.966,60.524,1545,0.792,323.286,45.381,0.18600000000000005,23,24,wt,normal;
24,308.883,639.964,34.824,1579,0.759,353.671,45.547,0.159,24,24,wt,normal;
25,307.677,640.486,73.61,1525,0.7929999999999999,284.617,44.83,0.237,25,24,wt,normal;
26,306.264,638.448,65.726,1483,0.763,326.215,44.177,0.175,26,24,wt,normal;
27,301.101,640.888,6.459,1491,0.8059999999999999,290.274,46.008,0.222,27,24,wt,normal;
28,299.613,637.118,63.886,1693,0.768,354.399,46.744,0.16899999999999998,28,24,wt,normal;
29,300.481,636.943,42.06399999999999,1658,0.7709999999999999,335.38699999999994,46.755,0.185,29,24,wt,normal;
30,297.88,635.969,20.323,1722,0.774,416.098,47.945,0.125,30,24,wt,normal;
31,296.584,633.466,106.26,1400,0.774,343.872,42.529,0.149,31,24,wt,normal;
32,292.934,634.127,9.819,1464,0.779,331.73,44.588,0.16699999999999998,32,24,wt,normal;
33,292.357,635.871,53.902,1635,0.748,419.169,47.47,0.117,33,24,wt,normal;
34,294.881,633.4209999999998,121.139,1653,0.747,414.825,46.673,0.121,34,24,wt,normal;
35,290.722,635.641,140.332,1580,0.768,352.701,45.024,0.16,35,24,wt,normal;
36,294.768,631.799,174.611,1499,0.742,403.754,44.084,0.116,36,24,wt,normal;
37,290.8540000000001,630.939,117.031,1548,0.762,353.085,45.237,0.156,37,24,wt,normal;
38,289.165,633.283,40.486,1474,0.775,378.985,44.324,0.129,38,24,wt,normal;
39,289.964,632.118,77.593,1420,0.7609999999999999,324.357,42.673,0.17,39,24,wt,normal;
40,284.534,635.476,81.87,1324,0.7609999999999999,306.759,41.994,0.177,40,24,wt,normal;
41,288.331,632.539,21.371,1357,0.7829999999999999,320.215,41.865,0.166,41,24,wt,normal;
42,283.499,635.582,45.785,1431,0.752,323.245,43.38800000000001,0.172,42,24,wt,normal;
43,287.422,631.737,80.727,1354,0.7859999999999999,303.245,42.24,0.185,43,24,wt,normal;
44,284.084,632.9590000000002,32.471,1473,0.763,337.144,43.57,0.163,44,24,wt,normal;
45,285.533,631.952,28.951,1441,0.735,377.713,43.47,0.127,45,24,wt,normal;
46,282.396,635.342,156.371,1379,0.733,325.387,42.401,0.16399999999999998,46,24,wt,normal;
47,284.421,632.8,7.524,1311,0.736,329.0440000000001,41.62600000000001,0.152,47,24,wt,normal;
48,283.771,632.389,146.31,1201,0.805,234.919,39.733,0.273,48,24,wt,normal;
49,283.783,632.84,31.535,1436,0.78,368.642,43.278,0.133,49,24,wt,normal;
50,280.008,633.628,120.174,1362,0.789,305.002,42.538,0.184,50,24,wt,normal;
51,282.401,631.97,47.231,1457,0.745,358.156,43.455,0.14300000000000002,51,24,wt,normal;
52,280.91700000000003,633.7280000000002,104.036,1380,0.7759999999999999,349.186,42.285,0.142,52,24,wt,normal;
53,276.595,635.013,51.34,1468,0.802,320.215,45.21100000000001,0.18,53,24,wt,normal;
54,283.247,632.43,46.591,1380,0.765,331.872,42.299,0.157,54,24,wt,normal;
55,282.774,631.0880000000002,30.964,1443,0.757,380.399,43.38800000000001,0.125,55,24,wt,normal;
56,283.815,629.836,113.499,1228,0.7440000000000001,313.73,40.631,0.157,56,24,wt,normal;
57,281.698,632.653,20.956,1330,0.7929999999999999,310.1740000000001,42.345,0.174,57,24,wt,normal;
58,283.855,629.732,53.807,1311,0.7759999999999999,300.759,41.81399999999999,0.182,58,24,wt,normal;
59,281.512,631.1030000000002,50.194,1327,0.765,305.588,42.33,0.179,59,24,wt,normal;
60,281.92,629.611,98.915,1373,0.7559999999999999,329.973,42.685,0.158,60,24,wt,normal;
61,287.01,626.998,86.49600000000002,1252,0.753,339.63,40.177,0.136,61,24,wt,normal;
62,284.15,627.754,149.657,1178,0.767,321.73,39.42,0.14300000000000002,62,24,wt,normal;
63,283.695,626.32,33.977,1458,0.759,342.9430000000001,44.694,0.156,63,24,wt,normal;
64,284.096,628.031,36.19300000000001,1322,0.765,314.316,42.206,0.168,64,24,wt,normal;
65,283.096,626.516,154.486,1233,0.762,283.446,40.254,0.193,65,24,wt,normal;
66,283.598,625.979,151.858,1189,0.762,295.103,39.63800000000001,0.172,66,24,wt,normal;
67,284.36,627.817,53.13,1353,0.775,286.032,42.208,0.208,67,24,wt,normal;
68,285.325,627.511,4.485,1279,0.757,309.144,41.826,0.168,68,24,wt,normal;
69,287.041,626.615,174.174,1295,0.775,302.032,41.90600000000001,0.17800000000000002,69,24,wt,normal;
70,282.96,628.495,107.354,1284,0.758,287.931,41.397,0.195,70,24,wt,normal;
71,285.93,626.7669999999998,80.362,1457,0.7509999999999999,357.085,44.275,0.14400000000000002,71,24,wt,normal;
72,287.837,625.922,71.896,1361,0.746,321.286,43.291,0.166,72,24,wt,normal;
73,288.664,626.327,154.916,1332,0.742,296.659,41.43,0.19,73,24,wt,normal;
74,288.796,625.3530000000002,41.82,1377,0.758,318.558,42.312,0.171,74,24,wt,normal;
75,286.677,626.683,157.218,1308,0.6920000000000001,374.642,41.283,0.117,75,24,wt,normal;
76,288.291,627.664,159.305,1179,0.772,285.203,39.122,0.182,76,24,wt,normal;
77,287.742,627.156,15.068,1307,0.715,348.014,41.61,0.136,77,24,wt,normal;
78,289.25,626.45,19.502,1278,0.733,319.63,41.357,0.157,78,24,wt,normal;
79,286.039,626.7869999999998,36.431,1441,0.765,342.9430000000001,43.488,0.154,79,24,wt,normal;
80,287.088,625.087,153.925,1278,0.73,375.571,40.985,0.114,80,24,wt,normal;
81,286.752,626.12,141.52,1213,0.7240000000000001,338.9430000000001,39.851,0.133,81,24,wt,normal;
82,288.528,625.386,68.405,1233,0.726,369.571,40.042,0.113,82,24,wt,normal;
83,287.319,624.069,42.58,1273,0.76,307.973,41.094,0.16899999999999998,83,24,wt,normal;
84,287.442,623.5369999999998,78.93,1135,0.768,261.30400000000003,38.956,0.209,84,24,wt,normal;
85,286.366,623.811,67.797,1369,0.7709999999999999,326.659,42.739,0.161,85,24,wt,normal;
86,290.481,623.712,135.83,1217,0.727,382.056,39.685,0.105,86,24,wt,normal;
87,286.2870000000001,625.618,11.094,1270,0.7040000000000001,334.801,41.928,0.142,87,24,wt,normal;
88,288.009,623.46,13.761,1186,0.7290000000000001,340.316,39.417,0.129,88,24,wt,normal;
89,287.116,625.33,21.371,1330,0.769,288.759,41.58,0.2,89,24,wt,normal;
90,289.757,623.553,45.0,1266,0.774,315.831,40.245,0.159,90,24,wt,normal;
91,288.816,624.006,166.50400000000005,1323,0.743,372.156,41.441,0.12,91,24,wt,normal;
92,289.573,622.5830000000002,18.083,1335,0.754,346.843,41.907,0.139,92,24,wt,normal;
93,289.663,622.844,82.333,1318,0.7609999999999999,296.032,41.609,0.189,93,24,wt,normal;
94,288.099,623.8009999999998,81.085,1345,0.7390000000000001,302.759,42.15,0.184,94,24,wt,normal;
95,289.15,622.443,36.87,1236,0.755,321.387,40.14,0.15,95,24,wt,normal;
96,288.769,622.893,29.476,1416,0.742,368.843,43.348,0.131,96,24,wt,normal;
97,288.312,622.3330000000002,16.699,1381,0.769,326.902,42.967,0.162,97,24,wt,normal;
98,290.5420000000001,621.7230000000002,158.19899999999996,1260,0.765,285.103,40.471,0.195,98,24,wt,normal;
99,288.974,622.14,154.486,1241,0.7559999999999999,348.014,40.206,0.129,99,24,wt,normal;
100,290.696,621.774,58.627,1301,0.789,305.002,41.043,0.17600000000000002,100,24,wt,normal;
101,289.238,622.312,49.899,1194,0.741,329.973,39.588,0.138,101,24,wt,normal;
102,287.966,625.19,109.885,1309,0.7290000000000001,390.985,41.293,0.108,102,24,wt,normal;
103,289.965,621.2869999999998,59.42100000000001,1334,0.7509999999999999,318.558,42.065,0.165,103,24,wt,normal;
104,288.939,621.601,5.711,1379,0.759,329.286,42.198,0.16,104,24,wt,normal;
105,287.531,621.067,162.97899999999996,1263,0.732,320.458,40.562,0.155,105,24,wt,normal;
106,287.886,621.821,86.634,1326,0.759,319.973,41.82899999999999,0.163,106,24,wt,normal;
107,289.2270000000001,622.212,52.028,1332,0.753,335.63,42.047,0.149,107,24,wt,normal;
108,286.641,625.03,99.462,1358,0.78,287.446,42.727,0.207,108,24,wt,normal;
109,288.721,623.332,177.917,1573,0.7559999999999999,345.63,45.798,0.165,109,24,wt,normal;
110,288.2390000000001,624.007,36.634,1259,0.7609999999999999,302.073,40.972,0.173,110,24,wt,normal;
111,287.143,623.377,60.37600000000001,1548,0.7,406.541,45.701,0.118,111,24,wt,normal;
112,287.303,622.724,167.093,1293,0.765,280.274,41.206,0.207,112,24,wt,normal;
113,290.319,621.281,134.19299999999998,1294,0.7509999999999999,279.345,41.214,0.208,113,24,wt,normal;
114,289.909,620.8530000000002,73.74,1319,0.772,286.517,41.393,0.202,114,24,wt,normal;
115,291.019,622.263,57.875,1366,0.763,301.487,42.611,0.189,115,24,wt,normal;
116,290.925,620.855,84.289,1274,0.7509999999999999,324.701,41.379,0.152,116,24,wt,normal;
117,288.826,621.654,67.38,1309,0.733,332.9430000000001,41.48,0.14800000000000002,117,24,wt,normal;
118,289.715,621.154,122.471,1309,0.715,365.671,41.93600000000001,0.123,118,24,wt,normal;
119,290.142,621.138,41.082,1280,0.741,374.5,42.135,0.115,119,24,wt,normal;
120,289.899,621.78,27.072,1261,0.7709999999999999,272.96,40.754,0.213,120,24,wt,normal;
121,289.222,621.686,36.87,1573,0.72,408.583,46.103,0.118,121,24,wt,normal;
122,289.4190000000001,620.823,47.231,1423,0.752,369.47,43.529,0.131,122,24,wt,normal;
123,287.385,622.364,67.557,1310,0.765,301.588,41.59,0.181,123,24,wt,normal;
124,288.562,622.66,68.405,1336,0.7559999999999999,339.63,42.549,0.146,124,24,wt,normal;
125,289.516,621.563,43.409,1335,0.76,355.571,42.335,0.133,125,24,wt,normal;
126,289.335,621.148,15.642,1342,0.763,348.6,42.294,0.139,126,24,wt,normal;
127,290.052,621.4169999999998,38.48,1296,0.757,308.073,41.187,0.172,127,24,wt,normal;
128,291.253,622.0840000000002,63.947,1318,0.767,315.73,41.132,0.166,128,24,wt,normal;
129,291.711,620.555,5.102,1560,0.7140000000000001,416.68300000000005,45.209,0.113,129,24,wt,normal;
130,289.761,622.27,14.797,1558,0.733,429.169,45.468,0.106,130,24,wt,normal;
131,288.806,620.145,68.587,1556,0.728,456.624,45.067,0.094,131,24,wt,normal;
132,289.245,619.5980000000002,66.038,1569,0.728,425.512,47.284,0.109,132,24,wt,normal;
133,291.576,617.3009999999998,49.185,1559,0.747,385.127,46.62300000000001,0.132,133,24,wt,normal;
134,291.177,619.899,47.175,1531,0.748,347.671,45.7,0.159,134,24,wt,normal;
135,293.119,616.9209999999998,40.601,1530,0.748,388.985,45.848,0.127,135,24,wt,normal;
136,292.395,620.514,59.744,1461,0.737,412.198,43.87300000000001,0.108,136,24,wt,normal;
137,290.547,616.472,45.744,1411,0.7340000000000001,396.198,43.54,0.113,137,24,wt,normal;
138,291.588,617.717,62.969,1489,0.7490000000000001,343.529,44.904,0.159,138,24,wt,normal;
139,292.505,617.285,27.951,1513,0.71,392.056,45.026,0.124,139,24,wt,normal;
140,291.562,618.43,144.32399999999996,1196,0.737,356.6,39.923,0.118,140,24,wt,normal;
141,293.365,617.634,10.491,1470,0.705,411.411,44.209,0.109,141,24,wt,normal;
142,295.0490000000001,616.92,5.9060000000000015,1534,0.682,468.423,45.63399999999999,0.08800000000000001,142,24,wt,normal;
143,293.2390000000001,617.3919999999998,157.218,1508,0.73,406.299,44.526,0.115,143,24,wt,normal;
144,293.468,618.128,57.995,1515,0.737,360.742,45.316,0.146,144,24,wt,normal;
145,292.587,618.722,119.055,1422,0.774,340.357,43.032,0.154,145,24,wt,normal;
146,291.992,618.359,36.431,1382,0.738,342.357,42.75899999999999,0.14800000000000002,146,24,wt,normal;
147,290.334,620.962,97.815,1386,0.727,379.127,42.405,0.121,147,24,wt,normal;
148,292.168,618.377,61.557,1411,0.7120000000000001,402.056,43.012,0.11,148,24,wt,normal;
149,293.495,618.054,64.79899999999999,1384,0.696,379.8130000000001,42.729,0.121,149,24,wt,normal;
150,292.074,617.328,32.55,1419,0.706,375.227,43.265,0.127,150,24,wt,normal;
151,293.541,617.626,54.583,1377,0.7020000000000001,370.843,42.96100000000001,0.126,151,24,wt,normal;
152,293.8640000000001,616.627,10.008,1278,0.7340000000000001,314.659,42.043,0.162,152,24,wt,normal;
153,293.066,618.232,80.91,1201,0.7170000000000001,391.855,39.53,0.098,153,24,wt,normal;
154,294.311,618.1659999999998,74.358,1220,0.706,345.0440000000001,40.108,0.129,154,24,wt,normal;
155,295.154,616.029,126.634,1209,0.741,340.55800000000005,40.322,0.131,155,24,wt,normal;
156,291.85,619.712,99.09,1274,0.741,324.801,40.566,0.152,156,24,wt,normal;
157,291.077,619.783,94.574,1200,0.69,345.772,39.781,0.126,157,24,wt,normal;
158,290.481,620.624,151.928,1320,0.737,361.914,41.596,0.127,158,24,wt,normal;
159,289.961,618.646,80.34,1200,0.738,314.316,39.518,0.153,159,24,wt,normal;
160,291.3520000000001,618.144,63.435,1294,0.715,366.257,41.969,0.121,160,24,wt,normal;
161,292.172,618.415,44.17,1095,0.6779999999999999,329.529,37.89,0.127,161,24,wt,normal;
162,290.384,619.215,61.928,1082,0.665,331.772,38.033,0.124,162,24,wt,normal;
163,290.196,618.382,49.635,1268,0.711,364.156,40.253,0.12,163,24,wt,normal;
164,291.153,618.5840000000002,68.806,1273,0.691,367.186,41.087,0.119,164,24,wt,normal;
165,293.112,617.805,69.305,1121,0.7020000000000001,328.9430000000001,38.831,0.13,165,24,wt,normal;
166,292.951,617.3380000000002,85.135,1097,0.71,306.517,37.846,0.147,166,24,wt,normal;
167,294.157,616.1080000000002,164.21900000000005,1146,0.732,292.416,38.819,0.168,167,24,wt,normal;
168,294.4890000000001,615.37,126.634,1123,0.672,379.227,38.93,0.098,168,24,wt,normal;
169,292.957,614.945,52.496,1325,0.6809999999999999,410.68300000000005,41.776,0.099,169,24,wt,normal;
170,292.741,615.952,118.523,1202,0.6509999999999999,382.056,40.545,0.103,170,24,wt,normal;
171,295.095,614.831,54.728,1069,0.674,330.801,38.151,0.123,171,24,wt,normal;
172,294.795,613.619,93.652,923,0.672,283.789,35.464,0.14400000000000002,172,24,wt,normal;
173,293.817,615.401,149.826,1055,0.657,360.742,37.859,0.102,173,24,wt,normal;
174,294.198,614.5830000000002,155.659,932,0.652,344.014,35.991,0.099,174,24,wt,normal;
175,293.093,616.202,71.222,1156,0.623,440.867,39.432,0.075,175,24,wt,normal;
176,293.079,616.443,131.82,1190,0.6970000000000001,360.014,39.707,0.115,176,24,wt,normal;
177,291.186,614.985,101.821,854,0.664,268.818,33.976,0.149,177,24,wt,normal;
178,293.12,613.915,19.654,755,0.575,358.843,32.403,0.07400000000000001,178,24,wt,normal;
179,293.096,616.253,129.369,1209,0.698,376.985,39.883,0.107,179,24,wt,normal;
180,294.092,614.814,98.297,1058,0.688,345.914,38.355,0.111,180,24,wt,normal;
181,293.13,615.124,108.825,1064,0.732,264.96,38.483,0.19,181,24,wt,normal;
