frame,y,x,mass,size,ecc,signal,raw_mass,ep,frame,particle
1,854.7689999999999,612.6659999999999,73.54,982,0.759,294.517,35.758,0.142,1,6
1,794.961,716.92,171.674,883,0.75,271.889,36.11,0.15,1,10
1,801.6569999999999,329.311,74.745,1061,0.7509999999999999,262.718,37.613,0.193,1,17
2,856.2239999999999,612.888,105.945,919,0.731,270.96,35.196,0.157,2,6
2,804.2669999999999,328.18800000000005,145.222,996,0.78,236.333,37.024,0.22399999999999998,2,17
2,796.248,722.204,35.538000000000004,848,0.7090000000000001,220.19099999999997,35.51,0.22,2,10
3,858.76,611.128,106.46,962,0.747,268.96,38.189,0.16699999999999998,3,6
3,807.961,325.91900000000004,116.00299999999999,1047,0.733,287.103,36.606,0.16,3,17
3,797.75,722.57,39.289,897,0.76,245.99,36.352,0.18600000000000003,3,10
4,860.3689999999999,610.679,74.407,936,0.763,251.747,38.535,0.18600000000000003,4,6
4,807.113,325.256,98.84200000000001,1024,0.7659999999999999,228.53400000000002,36.71,0.24600000000000002,4,17
4,798.834,715.329,123.311,933,0.731,258.475,36.757,0.175,4,10
5,804.6410000000001,325.79,107.281,1055,0.775,233.84799999999998,39.223,0.242,5,17
5,859.158,609.573,114.775,904,0.725,251.019,34.758,0.18,5,6
5,797.954,716.7189999999999,13.707,874,0.726,249.505,34.64,0.17600000000000002,5,10
6,858.82,609.5740000000001,110.225,896,0.778,236.676,34.649,0.201,6,6
6,805.451,325.468,100.081,1056,0.76,266.032,38.285,0.188,6,17
6,798.143,714.695,33.311,886,0.725,248.81799999999998,34.772,0.18,6,10
7,858.2360000000001,609.555,159.905,922,0.765,227.362,35.878,0.22399999999999998,7,6
7,805.992,326.656,153.435,1047,0.732,311.002,38.239000000000004,0.136,7,17
7,799.687,714.01,52.651,913,0.6970000000000001,277.789,37.032,0.149,7,10
7,588.757,518.428,42.708999999999996,540,0.688,198.291,29.756999999999998,0.17300000000000001,7,116
8,862.1560000000001,607.303,112.714,963,0.6970000000000001,302.073,38.047,0.133,8,6
8,807.4630000000001,324.616,145.954,1037,0.757,255.99,37.413000000000004,0.19899999999999998,8,17
8,801.778,715.096,39.289,888,0.762,242.333,34.951,0.19,8,10
8,591.061,518.646,36.529,549,0.732,190.49200000000002,29.439,0.19,8,116
9,802.6160000000001,713.312,22.521,932,0.726,246.233,35.575,0.193,9,10
9,860.193,608.063,139.686,926,0.735,286.617,35.964,0.142,9,6
9,804.6669999999999,323.639,104.931,1063,0.742,263.647,38.303000000000004,0.192,9,17
9,592.675,519.3480000000001,42.614,526,0.732,169.078,28.985,0.231,9,116
10,803.59,713.046,26.565,877,0.73,291.58799999999997,35.064,0.13,10,10
10,859.934,607.911,129.094,906,0.774,217.94799999999998,34.555,0.24,10,6
10,802.442,323.039,76.50399999999999,1107,0.748,279.931,43.032,0.17800000000000002,10,17
10,593.182,517.33,71.03,541,0.755,175.52200000000002,30.204,0.221,10,116
11,861.8510000000001,606.658,158.19899999999998,903,0.72,269.546,34.849000000000004,0.156,11,6
11,803.85,711.938,84.428,884,0.731,279.931,34.828,0.142,11,10
11,805.054,323.281,101.07,1053,0.728,275.203,37.806,0.175,11,17
11,595.148,518.097,31.826999999999998,551,0.746,166.794,29.611,0.249,11,116
12,864.8610000000001,606.42,118.39299999999999,917,0.792,236.919,37.186,0.205,12,6
12,807.8439999999999,321.509,140.356,988,0.765,227.362,36.443000000000005,0.24,12,17
12,805.3689999999999,710.3539999999999,29.427,878,0.745,238.676,35.884,0.19399999999999998,12,10
12,597.656,515.927,8.13,564,0.738,176.593,29.971,0.22699999999999998,12,116
13,864.948,604.3340000000001,161.565,929,0.753,246.576,36.009,0.192,13,6
13,808.816,708.0269999999999,25.346,873,0.755,257.103,36.268,0.166,13,10
13,598.201,513.511,169.99200000000002,616,0.745,209.22,30.408,0.177,13,116
13,810.125,320.441,18.435,1031,0.746,270.032,37.516999999999996,0.17800000000000002,13,17
14,866.53,603.65,96.48299999999999,956,0.741,278.517,36.278,0.155,14,6
14,809.773,705.5169999999999,149.931,928,0.745,276.274,38.027,0.153,14,10
14,599.104,512.148,169.563,616,0.703,241.747,30.68,0.132,14,116
14,808.8689999999999,318.69599999999997,53.13,1028,0.759,272.718,38.406,0.174,14,17
15,865.431,603.4490000000001,146.659,950,0.733,265.203,37.193000000000005,0.17,15,6
15,810.467,707.5169999999999,47.816,904,0.738,286.17400000000004,36.02,0.139,15,10
15,599.957,508.069,157.011,610,0.758,188.735,30.951999999999998,0.215,15,116
15,811.668,318.57099999999997,66.161,1056,0.7240000000000001,281.345,38.53,0.168,15,17
16,810.868,316.29200000000003,164.407,1044,0.7859999999999999,243.747,38.445,0.221,16,17
16,867.768,603.721,80.75399999999999,927,0.757,251.40400000000002,36.688,0.184,16,6
16,808.993,707.658,55.222,868,0.7490000000000001,242.919,36.256,0.185,16,10
16,599.37,509.421,159.075,648,0.718,201.80599999999998,31.335,0.2,16,116
17,867.034,602.847,108.853,910,0.7440000000000001,233.019,34.843,0.21100000000000002,17,6
17,810.698,702.13,19.230999999999998,873,0.733,268.233,37.415,0.152,17,10
17,811.512,316.284,46.736000000000004,1051,0.7120000000000001,286.86,37.443000000000005,0.16,17,17
17,598.345,507.029,172.50400000000002,637,0.72,184.735,31.711,0.235,17,116
18,865.93,602.615,117.15,880,0.752,238.77700000000002,36.633,0.19399999999999998,18,6
18,811.7869999999999,704.752,17.102999999999998,829,0.745,227.747,34.150999999999996,0.201,18,10
18,811.76,314.513,127.875,1039,0.752,264.718,38.228,0.18600000000000003,18,17
18,598.355,507.608,165.25599999999997,636,0.731,193.22,32.997,0.214,18,116
19,868.6419999999999,601.19,42.089,923,0.789,240.919,36.971,0.2,19,6
19,812.763,705.737,37.875,921,0.721,268.475,37.235,0.161,19,10
19,600.0419999999999,508.414,149.744,710,0.742,218.77700000000002,34.418,0.18600000000000003,19,116
19,812.182,313.652,102.265,1127,0.7340000000000001,312.659,38.278,0.145,19,17
20,866.7860000000001,600.374,33.341,931,0.6990000000000001,298.416,34.922,0.131,20,6
20,813.79,703.581,41.424,914,0.7340000000000001,262.718,36.329,0.166,20,10
20,813.0310000000001,313.89099999999996,147.339,1026,0.76,276.86,39.2,0.168,20,17
20,599.5880000000001,505.227,37.476,660,0.718,191.907,30.401999999999997,0.225,20,116
21,866.783,601.09,27.759,896,0.745,236.81799999999998,34.65,0.201,21,6
21,815.307,313.048,130.46200000000002,1024,0.733,293.58799999999997,37.118,0.149,21,17
21,815.493,701.0269999999999,22.521,919,0.711,266.718,37.205,0.162,21,10
21,600.845,503.76099999999997,128.418,656,0.738,195.22,31.596999999999998,0.21600000000000003,21,116
22,868.044,600.13,118.926,913,0.762,244.77700000000002,34.894,0.191,22,6
22,815.75,704.15,152.241,848,0.705,295.345,35.191,0.122,22,10
22,816.378,313.367,150.709,984,0.742,247.06099999999998,37.161,0.203,22,17
22,599.4680000000001,503.76300000000003,157.62,677,0.753,210.53400000000002,32.775999999999996,0.192,22,116
23,869.903,599.231,108.853,899,0.7490000000000001,244.676,36.768,0.18899999999999997,23,6
23,817.932,313.404,160.769,996,0.759,249.64700000000002,38.692,0.201,23,17
23,816.388,703.4830000000001,31.866,839,0.71,271.44599999999997,34.78,0.14300000000000002,23,10
23,601.029,506.07599999999996,166.329,656,0.754,174.451,32.053000000000004,0.271,23,116
24,867.825,598.5269999999999,15.376,893,0.785,209.94799999999998,35.707,0.255,24,6
24,816.253,703.071,2.7260000000000004,833,0.722,255.747,34.475,0.16,24,10
24,818.028,313.42,136.736,993,0.727,276.132,38.896,0.16399999999999998,24,17
24,601.806,505.344,157.38,684,0.711,228.77700000000002,32.219,0.16399999999999998,24,116
25,869.6519999999999,598.149,113.552,900,0.743,244.919,35.854,0.18899999999999997,25,6
25,816.0360000000001,704.7280000000001,38.66,850,0.728,259.647,36.918,0.158,25,10
25,816.515,312.85,156.297,1005,0.782,264.96,37.317,0.18,25,17
25,601.234,505.10400000000004,146.689,752,0.758,208.049,34.273,0.218,25,116
26,875.015,596.936,97.765,866,0.757,229.22,36.575,0.207,26,6
26,820.133,311.428,142.125,991,0.763,247.262,38.784,0.204,26,17
26,816.0360000000001,705.308,27.646,877,0.716,276.132,37.382,0.145,26,10
26,601.07,503.839,140.528,763,0.722,233.747,34.274,0.175,26,116
27,870.809,597.497,113.025,866,0.7290000000000001,258.375,35.507,0.163,27,6
27,816.3989999999999,704.035,34.439,848,0.741,228.09,37.755,0.205,27,10
27,818.835,310.001,121.866,970,0.755,251.40400000000002,37.553000000000004,0.193,27,17
27,600.4490000000001,504.838,149.036,708,0.731,216.77700000000002,31.799,0.18899999999999997,27,116
28,818.904,309.928,155.225,952,0.748,254.81799999999998,37.385,0.184,28,17
28,873.1239999999999,596.381,69.905,834,0.759,219.019,36.978,0.218,28,6
28,818.222,699.013,35.096,868,0.742,238.576,38.725,0.192,28,10
28,602.501,503.96,151.39,700,0.7859999999999999,196.049,33.049,0.22899999999999998,28,116
29,870.582,596.624,124.439,805,0.726,219.362,33.551,0.21,29,6
29,819.12,700.3689999999999,177.207,799,0.762,230.576,34.123000000000005,0.18899999999999997,29,10
29,817.301,308.938,168.179,937,0.735,257.161,35.972,0.17800000000000002,29,17
29,604.216,504.96,154.058,733,0.742,260.475,34.882,0.136,29,116
30,871.785,596.0319999999999,114.677,849,0.7659999999999999,235.505,34.043,0.192,30,6
30,819.799,699.6389999999999,25.408,830,0.738,252.09,36.068000000000005,0.16399999999999998,30,10
30,818.148,309.635,17.102999999999998,943,0.805,214.049,35.705,0.259,30,17
30,604.564,503.06199999999995,163.856,721,0.721,225.94799999999998,32.317,0.177,30,116
31,871.2610000000001,595.984,64.722,867,0.77,242.676,33.591,0.185,31,6
31,818.45,702.816,147.095,813,0.777,206.149,33.123000000000005,0.24,31,10
31,818.329,308.64799999999997,156.80100000000002,994,0.7070000000000001,305.487,36.853,0.134,31,17
31,604.072,502.191,115.94200000000001,757,0.708,239.40400000000002,33.878,0.166,31,116
32,875.317,595.803,83.51700000000001,893,0.7559999999999999,252.233,37.219,0.17600000000000002,32,6
32,820.612,308.57,166.608,980,0.76,220.19099999999997,36.931,0.254,32,17
32,820.3330000000001,701.262,155.32299999999998,824,0.747,239.747,33.658,0.18,32,10
32,605.164,502.284,129.094,798,0.7290000000000001,253.40400000000002,34.445,0.156,32,116
33,874.425,595.0219999999999,106.314,872,0.755,227.362,36.047,0.212,33,6
33,821.926,698.117,128.884,802,0.752,212.392,33.391,0.223,33,10
33,819.9989999999999,308.423,140.194,954,0.764,248.333,37.678000000000004,0.19399999999999998,33,17
33,603.996,501.49699999999996,172.05700000000002,779,0.7340000000000001,249.505,35.059,0.157,33,116
34,874.0,594.752,41.986999999999995,858,0.772,194.97799999999998,34.126,0.284,34,6
34,820.2189999999999,699.957,38.884,790,0.7909999999999999,199.22,33.049,0.25,34,10
34,817.834,307.149,5.194,986,0.767,277.345,37.015,0.161,34,17
34,604.403,501.936,158.749,761,0.735,220.19099999999997,33.186,0.19699999999999998,34,116
35,874.705,593.054,71.99600000000001,850,0.732,219.12,35.04,0.222,35,6
35,819.549,307.546,25.408,968,0.754,245.505,38.236,0.20199999999999999,35,17
35,820.085,699.176,174.28900000000002,839,0.747,240.09,34.869,0.183,35,10
35,604.3330000000001,498.727,164.055,744,0.7090000000000001,227.94799999999998,33.607,0.18,35,116
36,817.5939999999999,307.863,108.03399999999999,1007,0.764,264.132,36.232,0.18100000000000002,36,17
36,876.3739999999999,592.744,106.699,865,0.77,212.877,36.39,0.24,36,6
36,821.377,698.427,22.305999999999997,836,0.743,244.09,35.126999999999995,0.17600000000000002,36,10
36,605.002,500.13300000000004,128.454,815,0.705,265.789,34.945,0.145,36,116
37,820.3480000000001,701.1519999999999,18.852999999999998,864,0.7340000000000001,256.91900000000004,35.59,0.16399999999999998,37,10
37,874.812,592.836,174.428,859,0.758,252.576,34.153,0.16899999999999998,37,6
37,819.6360000000001,306.997,117.15,1002,0.7709999999999999,249.40400000000002,36.795,0.20199999999999999,37,17
37,607.16,502.589,142.85299999999998,829,0.7829999999999999,201.463,36.181999999999995,0.257,37,116
38,822.5889999999999,308.96,150.422,959,0.775,229.262,37.091,0.22899999999999998,38,17
38,874.482,592.044,102.68,868,0.757,248.233,34.18,0.177,38,6
38,820.567,699.307,78.408,840,0.743,271.789,33.667,0.14300000000000002,38,10
38,605.0509999999999,500.186,166.608,840,0.742,266.718,35.228,0.14800000000000002,38,116
39,821.081,699.1289999999999,24.101999999999997,800,0.723,234.576,33.158,0.183,39,10
39,874.7139999999999,592.335,155.32299999999998,818,0.7859999999999999,203.80599999999998,33.633,0.247,39,6
39,824.3330000000001,307.418,116.565,920,0.7170000000000001,286.274,37.049,0.141,39,17
39,605.476,502.473,142.595,830,0.71,250.576,34.775999999999996,0.166,39,116
40,821.0060000000001,699.1160000000001,34.509,771,0.768,196.735,33.67,0.25,40,10
40,823.303,306.808,136.909,905,0.742,223.505,35.505,0.228,40,17
40,876.2310000000001,590.812,99.926,813,0.738,228.77700000000002,33.229,0.195,40,6
40,605.663,500.16900000000004,145.923,759,0.693,252.132,32.422,0.15,40,116
41,877.445,591.264,4.635,762,0.8140000000000001,155.52200000000002,31.930999999999997,0.396,41,6
41,823.835,308.106,150.57299999999998,914,0.777,257.30400000000003,37.778,0.17300000000000001,41,17
41,820.926,698.0219999999999,159.59,828,0.69,249.304,35.865,0.16699999999999998,41,10
41,605.234,498.99300000000005,164.62400000000002,801,0.73,230.19099999999997,33.821,0.19,41,116
42,823.4789999999999,307.478,30.735,963,0.745,306.17400000000004,36.565,0.129,42,17
42,879.346,590.992,112.62,791,0.7659999999999999,218.77700000000002,33.525999999999996,0.20800000000000002,42,6
42,820.5089999999999,697.472,13.392000000000001,869,0.68,283.203,34.643,0.136,42,10
42,608.011,501.546,161.966,849,0.728,255.06099999999998,35.146,0.16399999999999998,42,116
43,879.689,590.611,161.114,803,0.753,217.94799999999998,33.039,0.212,43,6
43,826.753,305.437,65.77199999999999,934,0.758,250.233,35.44,0.187,43,17
43,821.1010000000001,697.237,46.909,794,0.698,265.30400000000003,33.079,0.142,43,10
43,607.126,500.121,14.931,854,0.743,230.19099999999997,36.602,0.203,43,116
44,876.4889999999999,592.044,82.875,812,0.7340000000000001,241.40400000000002,33.789,0.175,44,6
44,824.8839999999999,306.031,10.784,926,0.725,270.818,36.814,0.159,44,17
44,821.303,698.3789999999999,54.293,770,0.7709999999999999,198.149,32.866,0.24600000000000002,44,10
44,605.644,498.665,172.05700000000002,877,0.72,285.83099999999996,35.419000000000004,0.135,44,116
45,875.827,591.316,140.389,771,0.7929999999999999,181.907,31.545,0.293,45,6
45,824.311,306.531,47.911,899,0.785,220.77700000000002,35.699,0.23199999999999998,45,17
45,822.0089999999999,695.0139999999999,60.255,799,0.741,199.80599999999998,33.769,0.252,45,10
45,605.997,499.82300000000004,158.19899999999998,874,0.726,281.103,35.549,0.139,45,116
46,820.57,696.3539999999999,36.573,731,0.758,184.83599999999998,32.353,0.26899999999999996,46,10
46,877.5360000000001,591.385,47.045,741,0.7290000000000001,207.94799999999998,31.587,0.215,46,6
46,825.475,306.586,115.27799999999999,863,0.784,196.049,34.552,0.282,46,17
46,604.898,499.70300000000003,37.999,798,0.69,276.86,33.656,0.131,46,116
47,875.702,592.63,19.855,756,0.7709999999999999,205.706,31.96,0.225,47,6
47,820.977,695.7180000000001,41.878,726,0.769,189.321,32.353,0.255,47,10
47,824.696,305.438,127.999,902,0.768,253.747,34.402,0.17600000000000002,47,17
47,605.752,502.32199999999995,112.834,774,0.705,265.99,32.696999999999996,0.13699999999999998,47,116
48,877.2560000000001,591.029,145.125,788,0.7509999999999999,201.563,32.493,0.244,48,6
48,825.8439999999999,305.889,149.265,882,0.767,215.463,37.388000000000005,0.239,48,17
48,823.9839999999999,694.908,56.31,759,0.7170000000000001,232.576,32.748000000000005,0.17600000000000002,48,10
48,606.085,499.351,174.92,786,0.6859999999999999,244.233,34.009,0.166,48,116
49,880.658,589.966,139.236,749,0.7240000000000001,235.262,31.78,0.17,49,6
49,826.003,306.325,48.945,905,0.7609999999999999,236.333,35.09,0.204,49,17
49,822.862,695.722,10.437000000000001,756,0.742,230.09,32.318000000000005,0.179,49,10
49,605.1659999999999,497.57099999999997,7.765,815,0.737,213.706,34.759,0.22399999999999998,49,116
50,825.678,305.557,172.05700000000002,910,0.768,241.16099999999997,38.001,0.19699999999999998,50,17
50,822.967,695.798,31.701,752,0.754,198.049,32.601,0.24100000000000002,50,10
50,877.238,590.887,23.385,763,0.763,218.049,33.282,0.20199999999999999,50,6
50,605.544,497.97,173.66,913,0.687,340.115,34.924,0.099,50,116
51,878.538,589.373,36.027,757,0.6829999999999999,250.233,32.946999999999996,0.152,51,6
51,825.044,304.712,171.674,853,0.76,228.77700000000002,34.631,0.205,51,17
51,823.55,694.135,136.042,778,0.722,247.99,32.903,0.159,51,10
51,605.764,497.7,21.038,853,0.7,276.517,33.79,0.14,51,116
52,823.0939999999999,303.39099999999996,152.241,872,0.742,268.375,35.339,0.152,52,17
52,879.773,589.992,63.435,708,0.7120000000000001,212.635,30.698,0.19699999999999998,52,6
52,823.192,693.0239999999999,33.69,740,0.7490000000000001,243.747,33.839,0.157,52,10
52,607.377,499.343,169.824,805,0.7390000000000001,248.81799999999998,34.108000000000004,0.163,52,116
53,878.029,589.781,105.124,752,0.755,206.392,31.525,0.222,53,6
53,822.574,303.41700000000003,165.96400000000003,855,0.746,229.94799999999998,34.873000000000005,0.203,53,17
53,823.1039999999999,692.482,34.439,787,0.696,238.333,35.198,0.174,53,10
53,605.5740000000001,498.691,170.31099999999998,799,0.753,226.19099999999997,34.852,0.196,53,116
54,878.4069999999999,588.951,128.884,785,0.743,245.16099999999997,32.525,0.16399999999999998,54,6
54,823.575,692.38,21.250999999999998,818,0.768,215.80599999999998,33.161,0.221,54,10
54,824.065,304.267,153.435,934,0.718,294.274,37.23,0.136,54,17
54,606.066,500.32099999999997,168.44,892,0.716,273.203,36.626999999999995,0.15,54,116
55,822.434,303.22900000000004,87.397,975,0.743,282.375,36.369,0.154,55,17
55,879.46,589.382,110.556,780,0.723,238.676,33.14,0.172,55,6
55,823.966,692.554,25.278000000000002,800,0.757,225.12,32.881,0.198,55,10
55,605.939,500.376,118.21700000000001,949,0.669,313.487,36.44,0.121,55,116
56,878.0089999999999,587.6759999999999,116.565,760,0.78,197.907,32.152,0.244,56,6
56,824.737,691.9630000000001,19.747,818,0.7170000000000001,257.30400000000003,33.815,0.155,56,10
56,824.471,303.122,133.21,912,0.6990000000000001,298.659,37.637,0.128,56,17
56,605.997,499.849,164.407,944,0.726,264.617,35.98,0.16899999999999998,56,116
57,876.7439999999999,586.9169999999999,138.945,765,0.74,217.94799999999998,32.356,0.20199999999999999,57,6
57,827.418,304.14,148.815,899,0.7509999999999999,261.546,37.435,0.165,57,17
57,824.3789999999999,691.577,174.28900000000002,769,0.745,249.262,32.829,0.156,57,10
57,605.304,500.832,130.156,840,0.733,225.12,34.759,0.20800000000000002,57,116
58,824.541,303.435,162.474,873,0.787,235.99,33.945,0.19699999999999998,58,17
58,877.1039999999999,586.887,144.638,763,0.757,216.049,32.174,0.205,58,6
58,823.547,693.438,173.21099999999998,785,0.6890000000000001,274.96,33.376,0.13,58,10
58,604.124,498.569,11.592,852,0.747,248.676,33.58,0.17300000000000001,58,116
59,879.654,584.9159999999999,77.005,709,0.736,225.019,31.289,0.17600000000000002,59,6
59,825.191,302.85400000000004,121.70100000000001,820,0.797,184.83599999999998,35.324,0.302,59,17
59,823.3389999999999,693.327,152.10299999999998,751,0.7440000000000001,231.505,33.032,0.17600000000000002,59,10
59,604.942,497.52,165.96400000000003,842,0.754,247.99,33.941,0.172,59,116
60,878.813,586.725,159.075,739,0.7879999999999999,177.421,31.408,0.295,60,6
60,824.742,302.629,149.036,860,0.76,256.818,35.968,0.16399999999999998,60,17
60,823.535,693.332,36.87,739,0.726,242.09,33.021,0.158,60,10
60,606.144,496.869,155.77200000000002,823,0.701,270.818,34.492,0.141,60,116
61,824.872,303.995,171.46900000000002,869,0.7879999999999999,221.84799999999998,35.007,0.222,61,17
61,877.2330000000001,585.617,152.10299999999998,769,0.773,219.706,31.435,0.2,61,6
61,823.055,693.703,8.531,749,0.7340000000000001,259.404,33.796,0.14,61,10
61,604.513,497.069,19.747,845,0.7190000000000001,274.132,34.72,0.141,61,116
62,877.655,586.207,74.476,757,0.777,207.463,31.548000000000002,0.221,62,6
62,826.16,302.492,95.572,877,0.775,228.333,35.404,0.21100000000000002,62,17
62,825.1310000000001,692.21,144.293,775,0.7340000000000001,229.505,32.56,0.185,62,10
62,605.5930000000001,497.9,145.561,843,0.73,227.22,34.125,0.205,62,116
63,826.7639999999999,303.715,129.094,870,0.747,271.647,34.283,0.14800000000000002,63,17
63,878.1389999999999,585.3330000000001,62.176,750,0.7509999999999999,200.049,31.816999999999997,0.23600000000000002,63,6
63,826.1610000000001,692.177,56.725,719,0.774,192.149,31.701,0.245,63,10
63,606.509,496.836,140.711,848,0.701,272.274,35.558,0.14400000000000002,63,116
64,876.928,585.504,64.093,733,0.759,203.22,31.588,0.223,64,6
64,824.457,693.832,14.380999999999998,749,0.723,227.019,33.243,0.183,64,10
64,825.453,303.046,25.906999999999996,832,0.7859999999999999,220.291,32.832,0.215,64,17
64,605.827,496.98,146.689,855,0.75,262.718,35.376999999999995,0.156,64,116
65,876.6569999999999,586.058,76.675,740,0.752,206.392,32.946999999999996,0.218,65,6
65,828.329,303.874,167.32,820,0.758,219.94799999999998,34.383,0.213,65,17
65,826.53,689.755,30.256,764,0.723,240.233,34.926,0.166,65,10
65,606.485,497.99300000000005,139.53799999999998,846,0.7170000000000001,286.759,34.874,0.129,65,116
66,879.7819999999999,586.105,100.713,730,0.7759999999999999,199.80599999999998,31.405,0.23,66,6
66,826.4760000000001,688.688,29.932,735,0.742,211.80599999999998,33.029,0.20600000000000002,66,10
66,826.7180000000001,301.871,168.179,811,0.7559999999999999,228.43400000000003,36.106,0.195,66,17
66,606.259,496.431,123.311,844,0.735,227.605,34.839,0.205,66,116
67,878.166,585.159,94.399,784,0.773,214.53400000000002,33.041,0.214,67,6
67,825.3810000000001,690.1210000000001,41.878,707,0.721,240.09,31.726999999999997,0.154,67,10
67,826.549,300.887,170.31099999999998,869,0.787,222.77700000000002,35.895,0.22,67,17
67,605.771,496.29400000000004,141.14700000000002,873,0.7190000000000001,270.96,35.751999999999995,0.149,67,116
68,881.6619999999999,584.868,87.064,772,0.732,205.463,32.454,0.23,68,6
68,825.534,689.654,33.311,797,0.6890000000000001,291.002,33.954,0.11800000000000001,68,10
68,824.355,301.197,91.33200000000001,878,0.7390000000000001,239.40400000000002,34.541,0.193,68,17
68,605.779,497.773,129.289,868,0.738,254.233,35.845,0.16899999999999998,68,116
69,824.681,299.60900000000004,115.346,903,0.757,257.99,34.797,0.17,69,17
69,824.545,690.2860000000001,15.124,794,0.792,200.635,33.132,0.248,69,10
69,879.092,585.553,82.875,769,0.743,236.333,32.473,0.17300000000000001,69,6
69,605.646,497.55800000000005,164.407,924,0.72,307.002,36.397,0.12300000000000001,69,116
70,877.71,585.237,154.093,768,0.762,189.66400000000002,32.501,0.268,70,6
70,824.825,300.257,111.541,884,0.804,197.22,34.668,0.28600000000000003,70,17
70,823.687,690.4989999999999,76.329,743,0.72,249.747,31.311999999999998,0.15,70,10
70,606.234,498.67900000000003,162.408,862,0.731,257.647,35.363,0.163,70,116
71,879.895,585.743,60.803000000000004,768,0.755,183.907,32.764,0.285,71,6
71,825.804,301.707,127.648,902,0.737,227.505,36.418,0.21899999999999997,71,17
71,823.572,690.2139999999999,52.853,774,0.73,253.16099999999997,32.935,0.152,71,10
71,605.239,497.963,143.673,861,0.753,271.546,34.961999999999996,0.147,71,116
72,880.878,584.36,74.876,712,0.7559999999999999,211.706,30.691,0.2,72,6
72,824.8710000000001,688.434,52.253,754,0.7509999999999999,230.676,32.73,0.17800000000000002,72,10
72,825.118,302.757,47.045,849,0.826,181.179,34.852,0.325,72,17
72,604.94,497.59,164.982,870,0.713,285.688,34.608000000000004,0.134,72,116
73,878.993,583.668,170.53799999999998,745,0.7659999999999999,199.463,31.398000000000003,0.235,73,6
73,826.8510000000001,685.967,15.593,769,0.735,224.53400000000002,35.664,0.192,73,10
73,824.201,300.095,140.013,875,0.7809999999999999,221.94799999999998,33.996,0.223,73,17
73,606.297,496.24800000000005,157.964,882,0.7190000000000001,278.375,34.829,0.14300000000000002,73,116
74,878.21,583.883,82.304,745,0.785,179.078,31.163,0.292,74,6
74,827.934,688.556,152.819,782,0.7240000000000001,223.747,33.318000000000005,0.196,74,10
74,825.666,299.215,111.801,903,0.747,250.475,34.941,0.18100000000000002,74,17
74,606.119,495.93699999999995,177.563,888,0.693,291.345,36.232,0.131,74,116
75,827.965,686.2539999999999,15.376,796,0.696,239.40400000000002,34.232,0.175,75,10
75,827.2860000000001,298.745,133.091,897,0.743,252.43400000000003,36.31,0.177,75,17
75,878.441,584.852,148.299,751,0.77,199.563,31.576999999999998,0.237,75,6
75,606.888,497.048,142.595,898,0.745,263.889,36.358000000000004,0.162,75,116
76,879.3969999999999,583.967,132.879,766,0.745,226.43400000000003,31.980999999999998,0.188,76,6
76,828.132,688.059,27.215999999999998,759,0.7809999999999999,192.49200000000002,32.246,0.257,76,10
76,829.079,297.339,148.57,890,0.7879999999999999,220.53400000000002,36.282,0.23,76,17
76,606.665,494.836,146.31,911,0.711,300.073,36.536,0.127,76,116
77,826.221,688.735,152.10299999999998,771,0.738,240.19099999999997,32.113,0.168,77,10
77,828.6389999999999,297.10900000000004,86.009,882,0.742,264.233,36.466,0.159,77,17
77,878.471,584.429,60.945,756,0.71,226.333,32.468,0.185,77,6
77,606.2819999999999,494.3,166.551,945,0.68,329.73,37.13,0.109,77,116
78,879.5039999999999,583.631,99.211,750,0.784,187.078,31.393,0.26899999999999996,78,6
78,828.587,298.052,166.293,840,0.768,212.291,36.463,0.23399999999999999,78,17
78,825.768,689.01,156.44799999999998,769,0.6779999999999999,253.64700000000002,33.411,0.15,78,10
78,605.617,493.619,148.134,921,0.7170000000000001,253.889,36.138000000000005,0.18,78,116
79,880.12,583.72,106.699,801,0.747,239.40400000000002,34.035,0.17600000000000002,79,6
79,826.529,690.1160000000001,53.973,756,0.7190000000000001,233.84799999999998,32.967,0.174,79,10
79,828.168,299.846,138.691,870,0.748,232.09,36.687,0.203,79,17
79,606.073,491.99699999999996,158.96200000000002,899,0.7440000000000001,236.919,34.967,0.201,79,116
80,829.1519999999999,686.454,19.29,827,0.7290000000000001,221.84799999999998,35.883,0.21100000000000002,80,10
80,882.707,581.92,73.686,786,0.745,218.291,34.084,0.207,80,6
80,832.717,301.56,132.436,913,0.753,255.889,39.009,0.175,80,17
80,607.188,495.671,166.551,933,0.7140000000000001,306.902,38.397,0.124,80,116
81,881.3610000000001,581.587,85.711,783,0.7140000000000001,260.96,33.06,0.14400000000000002,81,6
81,827.471,687.975,52.523999999999994,758,0.752,218.53400000000002,32.213,0.19899999999999998,81,10
81,827.98,301.097,46.975,857,0.769,218.291,34.271,0.226,81,17
81,606.851,493.87699999999995,150.945,852,0.713,262.132,34.689,0.156,81,116
82,828.572,299.887,114.86399999999999,888,0.726,262.818,35.751,0.162,82,17
82,827.23,689.1469999999999,121.70100000000001,745,0.73,225.262,32.525999999999996,0.184,82,10
82,879.0160000000001,581.66,84.289,768,0.74,226.53400000000002,32.37,0.188,82,6
82,605.729,493.876,24.775,919,0.7240000000000001,277.203,35.071,0.15,82,116
83,825.045,300.356,71.14699999999999,905,0.777,235.019,36.403,0.20600000000000002,83,17
83,828.9739999999999,688.5260000000001,29.745,755,0.68,294.517,33.602,0.109,83,10
83,879.993,580.428,84.428,745,0.772,192.49200000000002,32.766999999999996,0.253,83,6
83,607.561,493.741,169.695,923,0.711,292.558,35.492,0.136,83,116
84,827.0239999999999,301.15,125.096,838,0.732,226.43400000000003,34.457,0.205,84,17
84,827.513,688.038,46.081,744,0.758,202.049,31.389,0.22899999999999998,84,10
84,879.03,580.091,119.197,762,0.752,221.22,32.561,0.196,84,6
84,605.894,493.741,157.694,864,0.727,263.889,34.804,0.156,84,116
85,828.064,686.008,161.114,769,0.72,239.747,33.484,0.168,85,10
85,831.058,303.30400000000003,117.824,823,0.769,196.149,33.167,0.26899999999999996,85,17
85,878.197,580.649,79.28699999999999,756,0.763,198.49200000000002,31.456,0.24100000000000002,85,6
85,604.697,494.30300000000005,27.759,870,0.7090000000000001,281.203,35.567,0.138,85,116
86,878.153,579.86,60.068000000000005,744,0.762,192.735,32.349000000000004,0.252,86,6
86,832.335,302.45799999999997,133.025,835,0.7440000000000001,256.676,34.111,0.159,86,17
86,828.5160000000001,685.198,13.707,761,0.737,200.149,34.667,0.239,86,10
86,606.071,493.408,120.735,851,0.688,275.44599999999997,34.296,0.141,86,116
87,828.525,683.7180000000001,28.393,798,0.721,249.889,33.341,0.161,87,10
87,878.466,580.117,63.435,776,0.7290000000000001,235.505,31.511999999999997,0.17600000000000002,87,6
87,832.122,301.75,67.694,844,0.737,213.80599999999998,34.213,0.23199999999999998,87,17
87,606.957,494.28,153.435,888,0.7120000000000001,273.203,36.031,0.15,87,116
88,827.804,684.679,161.565,780,0.693,245.262,33.119,0.163,88,10
88,878.9889999999999,580.654,36.327,758,0.722,250.233,32.34,0.152,88,6
88,831.672,299.724,142.85299999999998,820,0.738,245.16099999999997,32.876999999999995,0.171,88,17
88,607.8,494.605,16.46,887,0.682,278.032,37.149,0.14400000000000002,88,116
89,880.029,578.72,59.036,578,0.728,168.93599999999998,29.094,0.255,89,6
89,829.084,683.5189999999999,165.96400000000003,622,0.754,192.49200000000002,31.666,0.21100000000000002,89,10
89,827.283,299.171,109.44,672,0.7659999999999999,197.563,30.368000000000002,0.21600000000000003,89,17
89,608.365,494.694,145.886,675,0.727,227.605,30.02,0.16399999999999998,89,116
90,878.462,579.411,156.80100000000002,740,0.772,184.735,31.04,0.272,90,6
90,828.312,682.64,38.66,755,0.759,215.706,31.936999999999998,0.204,90,10
90,827.187,300.38,57.528999999999996,803,0.748,214.291,32.921,0.22,90,17
90,607.393,493.914,26.565,896,0.745,254.718,35.354,0.174,90,116
91,878.308,580.924,117.824,740,0.736,216.049,31.906999999999996,0.19899999999999998,91,6
91,828.176,682.547,15.017999999999999,763,0.7390000000000001,224.291,34.385,0.191,91,10
91,828.8,301.223,127.147,799,0.7440000000000001,221.362,33.15,0.205,91,17
91,607.617,494.221,169.695,877,0.7240000000000001,255.99,35.565,0.168,91,116
92,878.802,581.0219999999999,64.02600000000001,715,0.664,236.919,32.025,0.16,92,6
92,827.3910000000001,682.422,154.722,714,0.7440000000000001,204.392,33.0,0.215,92,10
92,825.961,301.57099999999997,35.361999999999995,764,0.789,197.563,31.904,0.24600000000000002,92,17
92,605.852,497.467,147.031,849,0.723,289.931,36.905,0.127,92,116
93,879.375,580.173,59.534,737,0.787,179.66400000000002,32.48,0.287,93,6
93,827.1339999999999,683.329,6.17,680,0.746,203.12,31.989,0.207,93,10
93,824.689,300.687,106.14399999999999,815,0.735,268.233,32.663000000000004,0.142,93,17
93,606.4169999999999,499.02,158.429,894,0.69,308.659,38.138000000000005,0.11800000000000001,93,116
94,825.196,300.449,146.725,805,0.7829999999999999,190.392,33.311,0.27899999999999997,94,17
94,828.194,684.1039999999999,63.435,709,0.75,186.149,32.217,0.257,94,10
94,878.566,580.399,70.145,732,0.7490000000000001,203.12,32.166,0.223,94,6
94,607.3009999999999,498.14599999999996,160.769,926,0.7190000000000001,289.83099999999996,38.512,0.139,94,116
95,877.732,581.044,62.103,609,0.711,205.12,29.736,0.182,95,6
95,828.617,682.5,4.763999999999999,607,0.727,208.049,31.31,0.17600000000000002,95,10
95,825.3439999999999,300.659,38.418,668,0.752,196.97799999999998,30.879,0.21600000000000003,95,17
95,607.6669999999999,497.592,174.144,684,0.7290000000000001,181.078,33.063,0.262,95,116
96,880.91,578.275,64.134,622,0.7559999999999999,193.563,30.498,0.209,96,6
96,828.4680000000001,300.65,19.983,626,0.7509999999999999,193.563,30.018,0.21,96,17
96,826.875,683.63,14.036,616,0.7709999999999999,177.421,31.585,0.24600000000000002,96,10
96,606.9259999999999,494.077,101.00399999999999,679,0.7390000000000001,199.80599999999998,30.864,0.214,96,116
97,829.1560000000001,301.41,124.07700000000001,799,0.7559999999999999,205.80599999999998,34.579,0.237,97,17
97,879.414,579.024,80.074,729,0.726,221.94799999999998,31.351,0.18600000000000003,97,6
97,826.9989999999999,684.291,158.749,729,0.752,225.505,31.554000000000002,0.18,97,10
97,605.342,492.129,170.75400000000002,846,0.7240000000000001,245.304,34.803000000000004,0.177,97,116
98,828.045,301.086,133.091,798,0.722,239.747,33.842,0.174,98,17
98,826.21,685.957,160.641,746,0.728,217.706,32.534,0.198,98,10
98,879.939,580.247,101.59200000000001,734,0.718,233.706,32.412,0.16899999999999998,98,6
98,607.499,493.496,167.196,857,0.6970000000000001,280.032,35.935,0.13699999999999998,98,116
99,827.935,300.039,46.081,757,0.777,181.66400000000002,31.811999999999998,0.28800000000000003,99,17
99,828.929,684.3589999999999,40.764,709,0.782,206.635,33.251,0.209,99,10
99,880.8739999999999,580.225,92.936,770,0.762,191.321,32.936,0.264,99,6
99,608.196,491.866,27.824,898,0.747,275.546,35.18,0.149,99,116
100,827.742,686.419,95.85600000000001,714,0.7120000000000001,239.84799999999998,30.750999999999998,0.156,100,10
100,828.302,300.81,167.005,807,0.732,260.233,33.271,0.15,100,17
100,879.569,581.319,115.90700000000001,752,0.716,236.43400000000003,32.049,0.16899999999999998,100,6
100,606.7909999999999,491.73900000000003,136.79,856,0.696,305.58799999999997,35.525,0.115,100,116
101,824.2339999999999,301.28700000000003,145.923,785,0.747,220.53400000000002,33.61,0.203,101,17
101,879.809,581.44,78.111,732,0.7609999999999999,192.49200000000002,32.132,0.248,101,6
101,827.921,688.316,29.932,691,0.755,196.392,32.601,0.225,101,10
101,606.3580000000001,493.375,166.908,838,0.726,254.233,35.821,0.163,101,116
102,878.9069999999999,580.732,96.009,678,0.732,224.77700000000002,30.266,0.16899999999999998,102,6
102,829.245,685.7510000000001,63.435,685,0.731,200.392,31.635,0.214,102,10
102,818.296,299.52299999999997,145.923,796,0.755,253.99,34.644,0.155,102,17
102,608.169,491.574,119.055,826,0.7070000000000001,280.375,33.048,0.132,102,116
103,876.33,581.981,167.47099999999998,665,0.735,189.078,30.099,0.23399999999999999,103,6
103,827.091,685.4789999999999,13.325,675,0.743,225.706,32.716,0.16699999999999998,103,10
103,822.3580000000001,300.329,116.565,765,0.77,214.635,32.492,0.209,103,17
103,607.02,491.35,142.001,805,0.7390000000000001,234.09,34.159,0.185,103,116
104,824.8539999999999,301.473,14.421,711,0.7929999999999999,166.69299999999998,31.265,0.322,104,17
104,827.93,684.441,67.38,683,0.6890000000000001,254.81799999999998,32.491,0.132,104,10
104,876.9680000000001,582.259,70.56,697,0.773,174.593,30.635,0.287,104,6
104,608.486,491.084,19.747,802,0.745,254.81799999999998,33.89,0.155,104,116
105,876.4069999999999,581.496,130.601,730,0.754,210.53400000000002,31.064,0.207,105,6
105,827.834,688.942,71.565,679,0.684,245.505,31.775,0.142,105,10
105,826.038,302.501,97.125,770,0.71,229.019,32.893,0.184,105,17
105,608.969,490.80199999999996,49.68600000000001,821,0.708,242.333,32.868,0.17600000000000002,105,116
106,824.1030000000001,301.76599999999996,106.699,773,0.75,202.392,32.879,0.237,106,17
106,879.31,580.2959999999999,81.25399999999999,736,0.733,218.049,32.106,0.195,106,6
106,828.448,685.3439999999999,150.945,697,0.69,275.889,32.816,0.115,106,10
106,609.044,491.79,141.911,846,0.6890000000000001,287.103,35.191,0.129,106,116
107,880.928,580.259,72.47399999999999,729,0.732,222.43400000000003,31.815,0.185,107,6
107,828.947,683.215,11.592,709,0.746,191.907,33.346,0.242,107,10
107,824.018,300.118,96.789,796,0.736,233.605,33.988,0.183,107,17
107,611.717,493.965,33.69,858,0.725,259.061,34.925,0.161,107,116
108,825.8939999999999,300.81,160.253,799,0.727,228.576,33.655,0.192,108,17
108,828.868,685.0189999999999,26.565,734,0.7390000000000001,257.546,34.129,0.139,108,10
108,880.0060000000001,579.622,94.635,712,0.762,217.019,31.956,0.19,108,6
108,610.188,492.651,155.659,846,0.685,291.345,35.477,0.125,108,116
109,827.562,300.1,99.926,780,0.705,245.747,32.532,0.162,109,17
109,880.69,579.78,125.70700000000001,744,0.763,209.605,32.195,0.213,109,6
109,830.015,685.779,12.875,684,0.772,184.007,31.034000000000002,0.254,109,10
109,611.691,491.471,99.462,834,0.7070000000000001,261.30400000000003,34.045,0.153,109,116
110,829.6610000000001,686.538,85.365,689,0.745,202.97799999999998,32.455999999999996,0.21,110,10
110,827.493,299.387,52.253,746,0.75,218.77700000000002,32.198,0.196,110,17
110,879.822,579.969,58.496,699,0.77,183.321,30.061,0.261,110,6
110,610.956,492.87699999999995,11.31,824,0.737,225.12,34.566,0.204,110,116
111,878.98,579.606,82.09299999999999,650,0.742,179.078,28.88,0.255,111,6
111,831.175,683.0360000000001,30.465999999999998,704,0.737,200.049,33.265,0.221,111,10
111,826.985,299.907,154.722,751,0.723,210.635,31.897,0.213,111,17
111,610.835,491.819,137.911,812,0.75,236.333,34.596,0.183,111,116
112,829.003,300.442,161.565,724,0.765,194.149,33.124,0.24100000000000002,112,17
112,830.8389999999999,683.7489999999999,43.876999999999995,666,0.763,179.52200000000002,31.8,0.26,112,10
112,881.6010000000001,577.7769999999999,39.806,646,0.716,185.078,31.43,0.237,112,6
112,610.07,491.291,78.408,802,0.7559999999999999,236.09,33.446,0.18100000000000002,112,116
113,881.375,577.734,162.553,663,0.726,210.53400000000002,30.18,0.188,113,6
113,832.159,682.367,36.573,690,0.758,219.463,32.774,0.18,113,10
113,828.253,299.42,162.031,749,0.7490000000000001,212.049,32.286,0.209,113,17
113,609.325,491.027,82.875,822,0.742,222.291,33.125,0.209,113,116
114,827.822,299.01599999999996,161.565,766,0.728,224.676,33.188,0.191,114,17
114,833.6469999999999,681.568,44.028999999999996,695,0.725,245.505,33.055,0.145,114,10
114,880.45,580.025,15.524000000000001,697,0.738,214.53400000000002,31.621,0.19,114,6
114,609.736,492.24,34.439,851,0.691,253.262,33.510999999999996,0.16699999999999998,114,116
115,879.878,579.295,62.745,677,0.752,196.635,31.307,0.22,115,6
115,830.55,684.74,9.462,675,0.727,206.53400000000002,30.057,0.19899999999999998,115,10
115,827.191,298.455,173.99099999999999,741,0.7440000000000001,200.735,32.108000000000004,0.231,115,17
115,607.089,490.389,172.69400000000002,786,0.7390000000000001,229.019,31.959,0.188,115,116
116,881.818,578.395,117.255,692,0.718,232.676,30.085,0.161,116,6
116,828.19,687.225,147.171,658,0.7490000000000001,195.563,29.506,0.21600000000000003,116,10
116,829.1360000000001,299.851,113.962,774,0.746,205.563,33.016,0.23,116,17
116,606.193,489.023,131.987,801,0.71,220.735,32.315,0.207,116,116
117,880.1669999999999,580.11,10.713,684,0.746,181.078,30.34,0.262,117,6
117,829.168,688.1089999999999,39.806,683,0.752,183.52200000000002,31.612,0.255,117,10
117,828.7130000000001,299.092,94.289,726,0.706,209.362,32.215,0.20800000000000002,117,17
117,606.496,489.04400000000004,172.235,832,0.7090000000000001,227.84799999999998,33.948,0.201,117,116
118,829.454,299.986,133.995,725,0.722,212.291,31.625,0.20199999999999999,118,17
118,881.3389999999999,579.355,98.973,676,0.7490000000000001,208.877,31.034000000000002,0.195,118,6
118,830.35,687.5010000000001,150.803,713,0.7190000000000001,258.91900000000004,31.366999999999997,0.134,118,10
118,608.189,487.202,30.256,840,0.733,237.262,35.665,0.188,118,116
119,829.814,300.589,153.435,671,0.773,202.877,30.369,0.205,119,17
119,828.02,689.432,58.496,666,0.7440000000000001,215.019,29.877,0.18100000000000002,119,10
119,880.168,579.278,37.476,645,0.735,215.605,29.734,0.174,119,6
119,606.249,491.142,127.74700000000001,754,0.754,242.576,32.667,0.161,119,116
120,879.987,578.869,16.557000000000002,677,0.741,181.321,30.889,0.259,120,6
120,827.52,689.4630000000001,169.99200000000002,642,0.7609999999999999,199.321,29.87,0.203,120,10
120,829.577,300.74,70.145,724,0.735,224.43400000000003,31.031,0.18100000000000002,120,17
120,609.564,493.02099999999996,111.541,797,0.748,232.576,35.201,0.185,120,116
121,878.715,578.5740000000001,40.601,662,0.725,222.77700000000002,30.09,0.168,121,6
121,830.005,686.5880000000001,75.964,656,0.733,173.179,30.815,0.275,121,10
121,828.255,300.342,119.932,721,0.738,211.706,30.48,0.20199999999999999,121,17
121,609.613,491.14599999999996,129.094,793,0.7240000000000001,258.475,34.167,0.149,121,116
122,831.743,685.5830000000001,63.435,700,0.6920000000000001,244.09,31.594,0.14800000000000002,122,10
122,828.113,299.827,15.945,710,0.7609999999999999,193.66400000000002,31.285999999999998,0.23800000000000002,122,17
122,879.1469999999999,579.939,60.068000000000005,675,0.758,189.52200000000002,30.576999999999998,0.23600000000000002,122,6
122,609.474,490.569,106.699,780,0.698,243.262,32.936,0.166,122,116
123,879.587,578.874,2.862,676,0.695,219.12,31.601,0.177,123,6
123,831.315,685.9010000000001,116.565,703,0.7020000000000001,219.362,30.406,0.184,123,10
123,828.4689999999999,300.137,71.565,744,0.708,228.09,30.89,0.18,123,17
123,608.868,491.209,121.43,797,0.6859999999999999,269.889,33.12,0.13699999999999998,123,116
124,832.2589999999999,686.2189999999999,39.611,702,0.723,225.019,31.500999999999998,0.174,124,10
124,827.9960000000001,297.96299999999997,111.251,726,0.758,226.09,31.941,0.17800000000000002,124,17
124,880.082,578.953,153.435,693,0.759,187.66400000000002,31.064,0.247,124,6
124,610.0319999999999,490.51199999999994,61.607,821,0.743,240.81799999999998,32.829,0.17800000000000002,124,116
125,878.398,578.641,7.125,547,0.748,182.735,27.359,0.20600000000000002,125,6
125,832.768,683.498,76.373,514,0.7140000000000001,147.72299999999998,26.58,0.29600000000000004,125,10
125,827.9069999999999,297.548,175.236,605,0.752,186.25,29.308000000000003,0.21899999999999997,125,17
125,613.175,492.884,81.634,588,0.72,190.635,28.131,0.203,125,116
126,877.185,579.649,158.499,672,0.7559999999999999,177.765,29.498,0.267,126,6
126,829.938,686.658,149.3,685,0.705,267.889,30.753,0.12,126,10
126,827.4760000000001,297.811,118.61,713,0.7290000000000001,221.706,31.189,0.182,126,17
126,610.419,490.48699999999997,18.886,774,0.7090000000000001,249.64700000000002,31.925,0.156,126,116
127,830.7410000000001,686.925,60.068000000000005,647,0.669,246.676,29.919,0.134,127,10
127,826.2080000000001,296.962,85.601,701,0.708,227.362,31.213,0.17,127,17
127,877.908,578.597,27.897,667,0.7509999999999999,199.22,29.458000000000002,0.21100000000000002,127,6
127,610.231,490.336,159.274,756,0.7190000000000001,226.333,31.333000000000002,0.185,127,116
128,876.829,577.215,10.008,641,0.7609999999999999,188.83599999999998,28.614,0.226,128,6
128,830.177,686.836,53.746,637,0.713,227.505,29.471999999999998,0.155,128,10
128,825.942,295.85200000000003,91.507,701,0.727,212.53400000000002,30.586,0.195,128,17
128,610.241,491.405,124.07700000000001,719,0.765,188.49200000000002,32.344,0.254,128,116
129,879.059,575.457,45.0,658,0.7809999999999999,183.321,31.506999999999998,0.24600000000000002,129,6
129,831.971,683.7919999999999,50.599,647,0.7190000000000001,222.77700000000002,29.723000000000003,0.16399999999999998,129,10
129,826.836,296.632,59.3,687,0.745,202.291,31.625999999999998,0.21100000000000002,129,17
129,610.0419999999999,487.69,43.958,716,0.7490000000000001,195.321,32.588,0.23600000000000002,129,116
130,876.9010000000001,578.359,50.826,638,0.764,172.593,30.03,0.26899999999999996,130,6
130,830.941,686.0089999999999,6.17,656,0.7290000000000001,218.877,30.285999999999998,0.172,130,10
130,830.059,297.42,126.25399999999999,699,0.764,195.907,32.010999999999996,0.22899999999999998,130,17
130,609.387,487.185,18.886,726,0.715,212.049,33.172,0.203,130,116
131,828.4730000000001,297.749,143.746,742,0.785,169.907,31.395,0.32299999999999995,131,17
131,880.4689999999999,578.847,51.34,680,0.731,186.593,31.084,0.245,131,6
131,830.5219999999999,686.8430000000001,27.255,679,0.728,221.505,30.74,0.174,131,10
131,610.82,488.593,174.28900000000002,773,0.711,231.84799999999998,31.513,0.18100000000000002,131,116
132,832.1619999999999,684.6610000000001,91.507,696,0.7020000000000001,247.99,31.276999999999997,0.142,132,10
132,828.6310000000001,297.12,112.62,743,0.728,205.94799999999998,31.476999999999997,0.22,132,17
132,879.065,577.622,49.236000000000004,680,0.7709999999999999,208.392,31.904,0.19699999999999998,132,6
132,612.161,490.902,75.964,787,0.7340000000000001,222.635,33.86,0.2,132,116
133,876.198,578.128,34.114000000000004,675,0.735,201.321,29.616,0.209,133,6
133,829.7230000000001,684.7360000000001,101.31,674,0.7609999999999999,190.392,29.375999999999998,0.23399999999999999,133,10
133,830.61,297.038,155.32299999999998,755,0.705,241.605,32.05,0.163,133,17
133,614.3969999999999,493.103,126.32700000000001,794,0.735,254.718,35.622,0.154,133,116
134,877.047,578.087,128.66,676,0.6890000000000001,215.12,29.566999999999997,0.184,134,6
134,830.552,686.2,39.611,677,0.715,219.94799999999998,30.784000000000002,0.17600000000000002,134,10
134,828.301,296.19,135.0,720,0.669,222.19099999999997,31.379,0.183,134,17
134,612.55,489.13699999999994,25.906999999999996,724,0.743,201.22,31.035,0.225,134,116
135,878.191,576.255,19.855,683,0.7440000000000001,205.563,31.383000000000003,0.203,135,6
135,830.3510000000001,686.8530000000001,53.427,665,0.68,224.919,29.141,0.165,135,10
135,829.8480000000001,296.205,108.435,738,0.737,224.43400000000003,31.549,0.184,135,17
135,613.082,486.963,57.528999999999996,748,0.741,226.291,32.348,0.184,135,116
136,877.998,577.498,145.886,659,0.73,214.291,31.105999999999998,0.18,136,6
136,830.6510000000001,686.819,61.39,621,0.685,222.43400000000003,29.759,0.158,136,10
136,829.085,296.79400000000004,74.876,708,0.733,222.676,33.021,0.179,136,17
136,611.735,485.69599999999997,11.592,685,0.674,241.40400000000002,30.428,0.14800000000000002,136,116
137,877.832,577.955,34.992,635,0.731,195.22,29.680999999999997,0.209,137,6
137,831.1080000000001,685.6189999999999,8.13,636,0.743,183.421,30.055,0.23800000000000002,137,10
137,830.0210000000001,296.652,85.601,677,0.6729999999999999,229.019,31.230999999999998,0.162,137,17
137,610.5830000000001,487.38300000000004,51.34,715,0.7290000000000001,219.706,31.205,0.18600000000000003,137,116
138,829.668,297.452,66.801,689,0.731,230.19099999999997,31.587,0.163,138,17
138,611.376,483.865,16.144000000000002,696,0.7070000000000001,237.747,32.086999999999996,0.155,138,116
138,879.7339999999999,578.508,67.62,599,0.736,183.66400000000002,29.822,0.223,138,6
138,829.253,685.565,15.255,603,0.763,188.25,29.34,0.214,138,10
139,879.4730000000001,578.999,66.194,655,0.738,213.94799999999998,30.785,0.18,139,6
139,829.872,686.829,50.193999999999996,666,0.7,186.49200000000002,31.151999999999997,0.24100000000000002,139,10
139,828.7819999999999,297.08,94.399,710,0.726,202.149,31.589000000000002,0.218,139,17
139,611.629,482.441,16.699,711,0.725,219.605,32.904,0.185,139,116
140,879.2710000000001,580.058,83.089,502,0.695,185.421,27.401999999999997,0.183,140,6
140,830.257,687.057,15.255,539,0.706,206.049,29.029,0.16,140,10
140,825.8389999999999,295.268,38.418,616,0.7,228.919,29.204,0.14800000000000002,140,17
140,610.631,488.965,138.504,559,0.7440000000000001,179.421,27.061999999999998,0.218,140,116
141,610.857,490.272,77.661,513,0.7440000000000001,167.52200000000002,25.779,0.23,141,116
141,828.467,296.238,102.875,584,0.7,194.635,28.831,0.19399999999999998,141,17
142,880.5889999999999,579.895,83.48,504,0.693,175.179,27.09,0.20600000000000002,142,6
142,831.784,683.8889999999999,62.65,522,0.7040000000000001,186.149,26.675,0.18899999999999997,142,10
142,830.5139999999999,295.241,67.62,591,0.6659999999999999,196.049,30.385,0.193,142,17
142,612.975,493.43300000000005,107.447,583,0.6990000000000001,191.907,29.316,0.19899999999999998,142,116
143,611.124,490.157,115.115,569,0.738,188.149,27.955,0.20199999999999999,143,116
143,829.002,295.834,22.109,611,0.733,189.66400000000002,29.912,0.213,143,17
143,832.737,684.9739999999999,46.169,527,0.696,199.563,27.608,0.166,143,10
143,879.492,579.502,31.826999999999998,505,0.664,196.392,26.358,0.165,143,6
144,832.3639999999999,684.9760000000001,158.19899999999998,500,0.741,177.765,26.504,0.19899999999999998,144,10
144,828.5989999999999,296.218,70.017,588,0.728,172.83599999999998,29.243000000000002,0.247,144,17
144,611.761,487.099,48.504,564,0.7,194.392,28.569000000000003,0.188,144,116
145,828.2669999999999,295.245,85.486,752,0.7120000000000001,276.032,31.357,0.124,145,17
145,829.0980000000001,685.822,50.193999999999996,686,0.677,218.291,30.829,0.18100000000000002,145,10
145,877.693,578.762,97.49600000000001,652,0.748,204.291,32.574,0.196,145,6
145,609.309,482.99699999999996,172.50400000000002,712,0.698,231.262,31.971999999999998,0.16699999999999998,145,116
146,828.424,294.83,40.764,722,0.7120000000000001,217.362,31.7,0.192,146,17
146,878.431,579.681,6.34,624,0.6940000000000001,214.43400000000003,29.335,0.171,146,6
146,831.924,680.868,67.38,649,0.6970000000000001,218.291,30.65,0.171,146,10
146,610.732,485.83,56.725,702,0.6940000000000001,252.919,31.136,0.138,146,116
147,877.385,580.79,97.696,659,0.757,195.22,31.414,0.217,147,6
147,833.118,679.84,161.075,638,0.7,236.43400000000003,29.27,0.14300000000000002,147,10
147,828.0880000000001,294.123,159.624,702,0.747,214.53400000000002,31.113000000000003,0.192,147,17
147,611.511,486.282,74.876,721,0.731,229.12,31.046999999999997,0.17300000000000001,147,116
148,879.05,578.701,77.471,680,0.737,191.078,31.994,0.23399999999999999,148,6
148,831.982,680.666,10.437000000000001,662,0.68,238.919,31.031,0.146,148,10
148,829.857,294.634,16.991,689,0.713,222.877,32.251,0.174,148,17
148,613.342,488.267,102.68,752,0.6890000000000001,271.546,33.111999999999995,0.128,148,116
149,831.669,293.82099999999997,37.185,555,0.696,191.80599999999998,29.622,0.19,149,17
149,612.864,485.925,153.435,525,0.711,196.149,26.752,0.171,149,116
150,831.45,293.244,175.101,563,0.72,175.179,29.101,0.231,150,17
150,832.666,679.194,40.236,513,0.6970000000000001,186.149,27.019000000000002,0.18600000000000003,150,10
150,610.475,484.83,28.74,557,0.726,185.907,29.883000000000003,0.203,150,116
151,830.189,681.79,50.599,649,0.76,180.49200000000002,30.369,0.25,151,10
151,827.485,294.041,25.866,684,0.752,208.635,31.586,0.19699999999999998,151,17
151,878.472,576.23,105.945,633,0.736,189.907,29.822,0.221,151,6
151,609.719,488.014,145.886,694,0.747,190.49200000000002,30.693,0.24,151,116
152,877.2289999999999,577.04,100.008,632,0.7559999999999999,191.907,29.656999999999996,0.21600000000000003,152,6
152,832.487,680.623,30.141,618,0.7340000000000001,196.735,30.034000000000002,0.201,152,10
152,826.597,293.596,157.166,679,0.701,222.77700000000002,33.391999999999996,0.172,152,17
152,610.5930000000001,486.293,51.34,685,0.708,208.877,31.943,0.19699999999999998,152,116
153,878.319,577.88,23.629,663,0.773,173.865,29.565,0.276,153,6
153,835.102,678.47,41.055,666,0.7,221.019,32.681999999999995,0.171,153,10
153,829.703,293.68,28.61,671,0.716,209.12,32.352,0.193,153,17
153,610.868,485.51099999999997,14.744000000000002,723,0.715,252.233,33.551,0.14300000000000002,153,116
154,832.938,680.328,41.18600000000001,500,0.732,164.108,26.694000000000003,0.233,154,10
154,828.972,293.078,6.71,559,0.75,190.735,29.245,0.193,154,17
154,612.326,485.10900000000004,175.101,539,0.7070000000000001,198.049,28.346999999999998,0.17300000000000001,154,116
155,879.87,576.275,57.995,610,0.7190000000000001,212.049,30.318,0.17,155,6
155,832.2760000000001,681.205,14.421,633,0.732,215.605,30.066,0.171,155,10
155,828.3639999999999,292.589,173.66,671,0.7559999999999999,202.635,31.43,0.205,155,17
155,612.191,485.149,132.797,693,0.736,211.94799999999998,29.801,0.19399999999999998,155,116
156,879.07,578.568,46.081,632,0.7440000000000001,200.635,29.627,0.19699999999999998,156,6
156,828.957,293.29,171.25400000000002,694,0.738,199.463,32.564,0.21899999999999997,156,17
156,829.691,682.0,67.62,656,0.728,215.84799999999998,29.497,0.177,156,10
156,612.06,482.852,15.751,677,0.6890000000000001,234.919,33.184,0.154,156,116
157,879.9839999999999,578.355,150.642,628,0.745,186.007,28.837,0.228,157,6
157,829.2869999999999,293.738,169.563,635,0.733,178.007,32.479,0.252,157,17
157,829.541,681.32,62.745,616,0.72,218.43400000000003,28.987,0.162,157,10
157,612.7080000000001,484.223,113.806,654,0.7040000000000001,198.149,28.995,0.209,157,116
158,879.341,578.903,83.29,591,0.7240000000000001,175.421,28.079,0.24100000000000002,158,6
158,830.429,680.7760000000001,57.653,577,0.7509999999999999,173.421,30.055,0.24100000000000002,158,10
158,829.61,293.70099999999996,36.573,616,0.7190000000000001,193.563,32.667,0.207,158,17
158,613.1990000000001,487.595,163.009,599,0.72,168.108,30.526999999999997,0.266,158,116
159,828.0269999999999,293.51,14.421,598,0.741,196.735,31.236,0.19399999999999998,159,17
159,879.077,577.5,63.435,551,0.701,186.635,27.149,0.19899999999999998,159,6
159,830.1289999999999,682.471,54.461999999999996,596,0.728,200.97799999999998,28.575,0.185,159,10
159,612.947,486.202,172.093,660,0.713,216.676,29.461,0.177,159,116
160,879.914,578.988,73.61,584,0.705,203.563,28.956,0.177,160,6
160,830.551,683.5939999999999,62.7,583,0.7390000000000001,191.563,29.274,0.2,160,10
160,828.179,292.661,29.197,598,0.715,194.97799999999998,30.94,0.198,160,17
160,613.1469999999999,484.79,147.095,635,0.6809999999999999,236.43400000000003,29.744,0.14300000000000002,160,116
161,879.569,578.216,157.891,605,0.732,184.83599999999998,28.075,0.223,161,6
161,832.6310000000001,680.5189999999999,39.611,626,0.72,205.463,31.299,0.18600000000000003,161,10
161,827.0269999999999,291.255,42.955,645,0.736,175.66400000000002,32.289,0.263,161,17
161,613.592,488.772,107.928,654,0.716,205.362,29.843000000000004,0.195,161,116
162,879.705,578.8009999999999,85.486,599,0.693,215.706,28.625999999999998,0.162,162,6
162,835.24,679.258,52.523999999999994,604,0.698,221.019,29.945999999999998,0.155,162,10
162,828.505,293.067,53.427,640,0.708,210.877,32.756,0.18100000000000002,162,17
162,614.512,489.791,10.437000000000001,654,0.7070000000000001,229.262,29.612,0.156,162,116
163,876.3689999999999,581.071,95.042,580,0.728,193.321,28.401999999999997,0.195,163,6
163,833.003,682.987,18.97,597,0.752,163.96599999999998,28.483,0.27899999999999997,163,10
163,829.6510000000001,295.289,56.68899999999999,615,0.735,197.321,33.150999999999996,0.198,163,17
163,611.664,489.13699999999994,178.452,648,0.684,227.94799999999998,29.191,0.157,163,116
164,875.4910000000001,580.665,30.379,553,0.7440000000000001,189.22,27.998,0.19399999999999998,164,6
164,830.607,684.6160000000001,143.746,550,0.703,185.321,28.06,0.201,164,10
164,828.043,294.663,10.437000000000001,624,0.755,178.25,31.245,0.247,164,17
164,611.021,485.37199999999996,172.304,631,0.722,203.563,30.519000000000002,0.191,164,116
165,875.4830000000001,580.995,154.179,604,0.718,208.049,29.116,0.175,165,6
165,831.0880000000001,681.92,95.042,600,0.7170000000000001,217.362,28.704,0.16,165,10
165,828.3910000000001,293.38599999999997,41.76,641,0.7290000000000001,202.97799999999998,31.583000000000002,0.196,165,17
165,610.271,488.06800000000004,36.254,581,0.7140000000000001,181.421,28.524,0.222,165,116
166,876.5,580.018,168.99599999999998,602,0.688,215.463,29.49,0.163,166,6
166,833.075,678.073,68.749,581,0.6629999999999999,239.505,28.607,0.127,166,10
166,827.678,293.724,150.803,646,0.6729999999999999,227.605,30.662,0.157,166,17
166,609.19,487.11199999999997,178.53099999999998,632,0.6809999999999999,242.333,30.304000000000002,0.135,166,116
167,880.133,576.6669999999999,73.61,599,0.7,195.321,27.899,0.19699999999999998,167,6
167,833.16,681.3839999999999,143.13,580,0.7,193.321,27.978,0.195,167,10
167,825.951,293.806,152.02100000000002,625,0.742,181.321,29.906999999999996,0.239,167,17
167,609.765,487.245,125.91,642,0.758,172.108,29.178,0.272,167,116
168,880.707,577.11,57.995,589,0.716,180.007,27.831999999999997,0.228,168,6
168,831.557,682.211,138.504,574,0.723,187.66400000000002,27.166,0.205,168,10
168,824.382,293.072,53.13,629,0.725,213.706,30.101999999999997,0.17300000000000001,168,17
168,611.311,491.148,147.529,661,0.6759999999999999,227.262,30.088,0.161,168,116
169,880.373,575.466,53.13,557,0.705,190.25,26.906,0.193,169,6
169,832.316,680.3789999999999,60.641999999999996,572,0.6970000000000001,212.877,28.503,0.159,169,10
169,825.85,293.68,55.886,638,0.757,213.12,30.546999999999997,0.177,169,17
169,613.957,492.042,141.582,613,0.701,208.735,29.674,0.177,169,116
170,878.2639999999999,577.934,32.347,555,0.6809999999999999,196.49200000000002,27.315,0.18100000000000002,170,6
170,835.183,678.597,46.005,527,0.629,212.291,29.979,0.147,170,10
170,827.3389999999999,293.161,46.169,590,0.745,186.97799999999998,28.831999999999997,0.212,170,17
170,615.115,493.595,112.98899999999999,589,0.735,169.865,29.631999999999998,0.257,170,116
171,835.138,677.44,55.408,503,0.629,192.97799999999998,26.945999999999998,0.17,171,10
171,877.3639999999999,576.769,41.496,521,0.7120000000000001,167.52200000000002,28.019000000000002,0.233,171,6
171,825.8660000000001,293.98,139.57399999999998,588,0.6890000000000001,198.149,28.248,0.188,171,17
171,614.803,490.816,10.008,585,0.7120000000000001,231.84799999999998,28.116999999999997,0.13699999999999998,171,116
172,878.868,576.528,143.13,544,0.7490000000000001,176.83599999999998,28.085,0.21899999999999997,172,6
172,833.4,679.571,34.592,522,0.727,162.108,27.392,0.25,172,10
172,823.8480000000001,294.22,57.653,626,0.74,216.049,30.241,0.16899999999999998,172,17
172,613.55,486.55699999999996,135.0,584,0.7140000000000001,204.049,28.521,0.17600000000000002,172,116
173,879.0889999999999,575.911,69.444,525,0.6629999999999999,181.421,27.49,0.2,173,6
173,833.4910000000001,678.8789999999999,8.13,554,0.693,190.635,28.546999999999997,0.192,173,10
173,825.6089999999999,295.25,65.695,599,0.79,155.865,29.443,0.31,173,17
173,614.552,489.444,176.73,591,0.7090000000000001,206.049,28.708000000000002,0.175,173,116
174,824.1,295.832,137.203,647,0.7170000000000001,223.84799999999998,29.408,0.162,174,17
174,880.385,575.85,60.641999999999996,505,0.653,218.19099999999997,27.107,0.133,174,6
174,833.049,680.637,39.611,576,0.6809999999999999,210.53400000000002,29.886,0.163,174,10
174,614.536,489.181,111.501,605,0.7240000000000001,169.421,29.263,0.265,174,116
175,879.7860000000001,576.054,50.599,507,0.6409999999999999,217.362,28.449,0.135,175,6
175,832.2230000000001,680.8489999999999,20.925,548,0.7020000000000001,206.635,28.024,0.161,175,10
175,821.11,295.471,150.642,623,0.701,214.291,30.958000000000002,0.17,175,17
175,613.493,487.537,154.134,600,0.6990000000000001,207.706,28.885,0.175,175,116
176,880.564,575.26,61.928000000000004,512,0.6729999999999999,202.049,27.799,0.158,176,6
176,831.9119999999999,680.301,8.366,517,0.6659999999999999,235.262,27.46,0.11699999999999999,176,10
176,820.855,297.085,57.265,586,0.757,184.007,29.695,0.217,176,17
176,611.54,486.151,37.875,550,0.698,188.392,27.653000000000002,0.195,176,116
177,830.49,680.883,8.366,504,0.6970000000000001,189.22,28.276,0.177,177,10
177,820.62,295.51599999999996,49.574,577,0.7190000000000001,202.392,30.250999999999998,0.177,177,17
177,610.013,483.61199999999997,173.66,534,0.674,214.049,29.55,0.146,177,116
178,820.659,295.379,30.964000000000002,579,0.736,206.735,29.662,0.17,178,17
178,877.025,576.536,67.891,526,0.675,188.392,27.754,0.18600000000000003,178,6
178,612.672,487.656,119.745,540,0.743,177.66400000000002,27.142,0.215,178,116
179,880.322,575.34,34.592,539,0.6679999999999999,198.635,27.905,0.172,179,6
179,831.53,683.703,46.218999999999994,527,0.705,190.735,26.164,0.182,179,10
179,822.313,293.98900000000003,25.866,614,0.728,217.12,31.023000000000003,0.16399999999999998,179,17
179,614.262,486.155,20.555999999999997,533,0.679,175.421,26.535999999999998,0.218,179,116
180,881.877,574.368,45.0,506,0.637,215.463,29.543000000000003,0.13699999999999998,180,6
180,831.7239999999999,683.2330000000001,163.61,536,0.685,200.49200000000002,26.901,0.168,180,10
180,821.352,293.524,11.004000000000001,633,0.7340000000000001,198.735,30.686999999999998,0.201,180,17
180,614.018,489.286,116.565,583,0.642,211.362,28.469,0.16399999999999998,180,116
181,881.582,574.0980000000001,41.63399999999999,515,0.6779999999999999,203.563,27.919,0.156,181,6
181,830.8589999999999,681.607,64.093,588,0.662,239.747,29.320999999999998,0.129,181,10
181,821.676,293.192,122.829,642,0.698,209.706,30.553,0.183,181,17
181,614.059,488.491,35.91,578,0.718,199.22,27.639,0.183,181,116
