Name	ID	Label	Len	S	SW	p	q	d	sp	sq	sd	Pmax	a	b	c	d	
wt	1	ascus;normal;	181	2	+0.000	1	2	0	0	1	1	+161.259	+0.084	+0.004	+4.485	-20.912	
wt	_seg_0_:1	ascus;normal;	40	0	+0.000	0	3	0	0	1	1	+160.064	+0.853	-0.001	+0.612	+7.515	
wt	_seg_1_:1	ascus;normal;	132	0	+0.000	0	2	0	0	1	1	+207.775	+4.145	+0.019	+0.199	+21.017	
wt	5	normal;	181	2	+0.001	0	2	0	0	1	1	+148.004	+0.002	-0.001	+0.645	-116.503	
wt	_seg_0_:5	normal;	136	0	+0.001	0	1	0	0	1	1	+147.332	+0.020	-0.001	+0.924	+2.312	
wt	_seg_1_:5	normal;	36	0	+0.001	0	2	0	0	1	0	+240.096	-0.167	-0.000	+7.917	+21.616	
wt	4	normal;	181	2	+0.001	0	1	0	0	1	1	+133.387	+0.162	-0.001	+0.338	+43.324	
wt	_seg_0_:4	normal;	124	0	+0.001	0	1	0	0	1	1	+123.000	-0.021	-0.001	+0.452	-18.652	
wt	_seg_1_:4	normal;	48	0	+0.001	0	2	0	0	1	1	+288.115	-0.003	-0.001	+0.541	+0.421	
wt	6	_none_	181	2	+0.010	0	2	0	0	1	1	+171.497	-0.002	-0.001	+0.472	-368.251	
wt	_seg_0_:6	_none_	48	0	+0.010	0	1	0	0	1	1	+192.077	+0.143	+0.003	+10.413	-19.367	
wt	_seg_1_:6	_none_	124	0	+0.010	1	1	0	0	1	1	+121.016	+0.003	-0.001	+0.763	+34.411	
wt	12	ascus;normal;	176	3	+0.029	1	2	0	0	1	1	+161.259	+0.535	+0.032	+0.598	+29.699	
wt	_seg_0_:12	ascus;normal;	48	0	+0.029	0	1	0	0	1	1	+160.064	-0.285	-0.001	+0.958	+4.126	
wt	_seg_1_:12	ascus;normal;	60	0	+0.029	0	1	0	0	1	1	+189.550	+0.018	-0.001	+0.780	+3.721	
wt	_seg_2_:12	ascus;normal;	52	0	+0.029	0	0	0	0	1	1	+294.663	+0.186	+0.006	+11.344	-14.041	
wt	6	_none_	175	3	+0.000	0	2	0	0	1	1	+122.776	+0.013	-0.001	+2.020	-134.269	
wt	_seg_0_:6	_none_	36	0	+0.000	0	0	0	0	1	1	+120.048	-0.109	-0.001	+3.341	+21.096	
wt	_seg_1_:6	_none_	56	0	+0.000	1	0	0	0	1	0	+124.188	-0.101	-0.001	+4.762	+32.070	
wt	_seg_2_:6	_none_	68	0	+0.000	0	1	0	0	1	1	+172.869	+1.095	-0.001	+0.318	+13.513	
wt	10	_none_	178	2	+0.003	0	1	0	0	1	1	+136.764	-0.020	-0.001	+1.320	+88.221	
wt	_seg_0_:10	_none_	132	0	+0.003	0	1	0	0	1	1	+137.343	-0.011	-0.001	+0.879	+18.267	
wt	_seg_1_:10	_none_	36	0	+0.003	0	0	0	0	1	0	+135.054	+0.424	-0.001	+0.763	+4.918	
wt	17	normal;	181	3	+0.001	0	2	0	0	1	1	+128.623	+0.008	-0.001	+1.201	-101.195	
wt	_seg_0_:17	normal;	48	0	+0.001	0	1	0	0	1	1	+120.048	-0.056	-0.001	+3.908	+47.476	
wt	_seg_1_:17	normal;	52	0	+0.001	2	0	0	0	1	1	+216.086	-0.219	-0.001	+0.652	+4.256	
wt	_seg_2_:17	normal;	68	0	+0.001	0	2	0	0	1	1	+196.442	-0.294	-0.001	+0.488	-0.883	
wt	116	_none_	175	3	+0.000	0	2	0	0	1	1	+180.072	-0.105	-0.001	+0.362	+6.169	
wt	_seg_0_:116	_none_	68	0	+0.000	2	1	0	0	1	1	+196.442	+0.469	-0.001	+0.484	+13.121	
wt	_seg_1_:116	_none_	56	0	+0.000	0	1	0	0	1	1	+180.072	+0.075	-0.001	+1.853	-14.762	
wt	_seg_2_:116	_none_	36	0	+0.000	0	1	0	0	1	1	+154.347	+1.060	-0.001	+0.743	+4.936	
wt	4	_none_	179	3	+0.004	2	1	0	0	1	1	+161.259	+0.022	-0.001	+1.670	-43.462	
wt	_seg_0_:4	_none_	40	0	+0.004	0	0	0	0	1	0	+160.064	+0.069	-0.001	+2.556	-15.616	
wt	_seg_1_:4	_none_	88	0	+0.004	0	2	0	0	1	1	+225.090	-0.031	-0.001	+2.301	+68.848	
wt	_seg_2_:4	_none_	36	0	+0.004	0	1	0	0	1	1	+216.086	-9.663	-0.003	+0.674	+1.350	
wt	7	normal;	181	2	+0.000	1	1	0	0	1	1	+154.347	-7.797	+0.060	+0.357	+29.353	
wt	_seg_0_:7	normal;	100	0	+0.000	1	1	0	0	1	1	+181.891	-0.006	-0.001	+0.949	+25.559	
wt	_seg_1_:7	normal;	72	0	+0.000	1	0	0	0	1	0	+154.347	-0.016	-0.001	+0.730	+19.379	
wt	16	ascus;normal;	181	3	+0.000	2	3	0	0	1	1	+183.124	+0.192	+0.013	+0.695	+16.475	
wt	_seg_0_:16	ascus;normal;	52	0	+0.000	3	0	0	0	1	0	+180.072	+0.070	-0.001	+0.950	+9.679	
wt	_seg_1_:16	ascus;normal;	36	0	+0.000	2	0	0	0	1	1	+270.108	+0.280	-0.001	+0.907	+4.481	
wt	_seg_2_:16	ascus;normal;	80	0	+0.000	0	0	0	0	1	1	+228.663	-0.008	-0.001	+0.417	+70.911	
wt	20	normal;	181	2	+0.017	0	2	0	0	1	1	+156.584	+0.024	-0.001	+4.388	-74.014	
wt	_seg_0_:20	normal;	36	0	+0.017	0	0	0	0	1	0	+144.058	+0.227	-0.001	+1.178	+3.453	
wt	_seg_1_:20	normal;	136	0	+0.017	1	1	0	0	1	1	+158.887	-0.006	-0.001	+0.814	+31.886	
wt	1	normal;	181	1	+0.000	0	2	0	0	1	1	+140.316	+0.000	-0.001	+1.001	-51439.320	
wt	_seg_0_:1	normal;	176	0	+0.000	1	3	0	0	1	1	+240.096	-0.008	-0.001	+1.421	+199.586	
wt	3	_none_	181	3	+0.000	2	0	0	0	1	1	+163.702	+0.004	-0.001	+0.723	-65.902	
wt	_seg_0_:3	_none_	84	0	+0.000	0	1	0	0	1	1	+174.263	+0.001	-0.001	+0.421	+912.156	
wt	_seg_1_:3	_none_	40	0	+0.000	1	0	0	0	1	0	+184.689	-0.154	-0.001	+4.937	+21.651	
wt	_seg_2_:3	_none_	44	0	+0.000	0	1	0	0	1	1	+245.553	+2.044	-0.001	+0.566	+8.712	
wt	4	normal;	181	1	+0.002	1	2	0	0	1	1	+166.220	+0.016	-0.001	+0.854	+1.922	
wt	_seg_0_:4	normal;	176	0	+0.002	2	2	0	0	1	1	+166.220	+0.220	-0.001	+0.403	+40.204	
wt	6	_none_	181	3	+0.009	2	3	0	0	1	1	+171.497	-0.003	-0.001	+0.502	-230.828	
wt	_seg_0_:6	_none_	36	0	+0.009	0	0	0	0	1	0	+154.347	-0.385	+0.002	+12.505	+14.538	
wt	_seg_1_:6	_none_	44	0	+0.009	0	1	0	0	1	1	+135.054	+0.551	-0.001	+0.381	+8.982	
wt	_seg_2_:6	_none_	88	0	+0.009	2	2	0	0	1	1	+168.818	+0.043	-0.001	+4.655	-42.495	
wt	7	_none_	181	3	+0.000	0	1	0	0	1	1	+166.220	+1.551	+0.020	+0.196	+28.900	
wt	_seg_0_:7	_none_	40	0	+0.000	1	0	0	0	1	0	+133.387	-0.072	-0.001	+2.260	+31.086	
wt	_seg_1_:7	_none_	60	0	+0.000	0	1	0	0	1	1	+144.058	-7.796	+0.031	+0.600	+5.928	
wt	_seg_2_:7	_none_	68	0	+0.000	1	1	0	0	1	1	+227.459	+0.029	-0.001	+2.460	-35.187	
wt	11	_none_	181	2	+0.002	2	1	0	0	1	1	+158.887	+0.166	-0.001	+0.334	+39.658	
wt	_seg_0_:11	_none_	116	0	+0.002	2	1	0	0	1	1	+171.497	-0.030	-0.001	+4.705	+99.614	
wt	_seg_1_:11	_none_	56	0	+0.002	0	2	0	0	1	1	+156.584	-0.617	-0.001	+0.706	+3.332	
wt	22	normal;	181	2	+0.003	0	1	0	0	1	1	+171.497	+0.191	-0.001	+0.418	+38.617	
wt	_seg_0_:22	normal;	124	0	+0.003	0	1	0	0	1	1	+178.643	-0.004	-0.001	+0.831	+0.962	
wt	_seg_1_:22	normal;	48	0	+0.003	0	0	0	0	1	1	+240.096	-0.509	-0.001	+0.556	+4.470	
wt	23	_none_	181	1	+0.037	0	1	0	0	1	1	+131.760	-0.004	-0.001	+0.872	+56.455	
wt	_seg_0_:23	_none_	176	0	+0.037	4	1	0	0	1	1	+131.760	-0.007	-0.001	+0.880	+49.022	
wt	27	normal;	181	2	+0.000	1	1	0	0	1	1	+130.173	+0.148	-0.001	+0.237	+40.362	
wt	_seg_0_:27	normal;	136	0	+0.000	0	1	0	0	1	1	+130.697	+0.010	-0.001	+0.635	-45.200	
wt	_seg_1_:27	normal;	36	0	+0.000	0	1	0	0	1	1	+120.048	-14.248	+0.023	+0.424	+3.423	
wt	29	_none_	181	2	+0.000	0	2	0	0	1	1	+152.174	+0.018	-0.001	+2.321	-89.612	
wt	_seg_0_:29	_none_	36	0	+0.000	0	0	0	0	1	1	+240.096	-6.501	+0.028	+0.666	+3.092	
wt	_seg_1_:29	_none_	136	0	+0.000	1	2	0	0	1	1	+142.162	-0.141	-0.001	+0.437	-1.394	
wt	31	normal;ascus;	178	2	+0.000	1	2	0	0	1	1	+327.404	-0.031	+0.000	+5.498	+123.614	
wt	_seg_0_:31	normal;ascus;	84	0	+0.000	0	0	0	0	1	1	+120.048	+0.098	-0.001	+1.739	-10.460	
wt	_seg_1_:31	normal;ascus;	84	0	+0.000	0	2	0	0	1	1	+234.877	-0.060	-0.001	+4.045	+52.318	
wt	32	normal;ascus;	206	3	+0.000	2	1	0	0	1	1	+120.048	+0.949	+0.033	+0.561	+11.714	
wt	_seg_0_:32	normal;ascus;	60	0	+0.000	1	1	0	0	1	1	+120.048	+0.643	-0.001	+0.596	+9.551	
wt	_seg_1_:32	normal;ascus;	56	0	+0.000	0	1	0	0	1	1	+128.623	-0.571	-0.001	+0.420	+3.980	
wt	_seg_2_:32	normal;ascus;	76	0	+0.000	0	1	0	0	1	1	+187.575	-0.053	-0.001	+5.639	+57.997	
wt	34	normal;	171	2	+0.007	1	1	0	0	1	1	+220.496	+0.009	-0.001	+1.539	-137.298	
wt	_seg_0_:34	normal;	108	0	+0.007	0	1	0	0	1	1	+120.048	+0.025	-0.001	+1.505	-36.169	
wt	_seg_1_:34	normal;	52	0	+0.007	0	1	0	0	1	1	+120.048	-0.804	-0.001	+0.405	+1.828	
wt	35	normal;	227	2	+0.000	1	1	0	0	1	1	+120.048	+7.424	+0.063	+0.711	+26.610	
wt	_seg_0_:35	normal;	104	0	+0.000	1	0	0	0	1	0	+120.048	-5.974	-0.004	+0.762	+1.607	
wt	_seg_1_:35	normal;	112	0	+0.000	1	1	0	0	1	1	+184.689	+0.031	-0.001	+1.003	-2.281	
wt	37	normal;	181	2	+0.000	0	1	0	0	1	1	+161.259	+0.893	+0.000	+13.245	-2.048	
wt	_seg_0_:37	normal;	48	0	+0.000	0	0	0	0	1	1	+205.797	-0.059	-0.001	+0.895	+23.910	
wt	_seg_1_:37	normal;	124	0	+0.000	2	2	0	0	1	1	+166.733	+0.013	-0.001	+0.713	-5.099	
wt	38	normal;	347	3	+0.003	3	4	0	0	1	1	+120.048	+0.051	-0.001	+0.721	+55.886	
wt	_seg_0_:38	normal;	152	0	+0.003	1	1	0	0	1	1	+120.048	+0.003	-0.001	+1.503	-73.516	
wt	_seg_1_:38	normal;	112	0	+0.003	2	0	0	0	1	0	+120.048	+0.017	-0.001	+0.928	+28.890	
wt	_seg_2_:38	normal;	68	0	+0.003	3	1	0	0	1	1	+120.048	+0.065	-0.001	+4.779	-27.509	
wt	39	ascus;normal;	201	4	+0.000	2	3	0	0	1	1	+139.591	+6.450	+0.014	+0.640	+14.549	
wt	_seg_0_:39	ascus;normal;	60	0	+0.000	2	3	0	0	1	1	+138.517	+5.242	-0.004	+0.669	+13.477	
wt	_seg_1_:39	ascus;normal;	40	0	+0.000	0	2	0	0	1	1	+120.048	-2.039	-0.000	+6.334	+9.824	
wt	_seg_2_:39	ascus;normal;	40	0	+0.000	0	1	0	0	1	1	+160.064	+9.827	+0.061	+0.480	+4.791	
wt	_seg_3_:39	ascus;normal;	44	0	+0.000	0	1	0	0	1	1	+128.623	-0.573	-0.001	+0.666	+3.171	
wt	41	normal;	180	2	+0.000	1	0	0	0	1	0	+161.259	+0.026	-0.001	+1.071	-54.943	
wt	_seg_0_:41	normal;	116	0	+0.000	1	1	0	0	1	1	+167.509	+0.001	-0.001	+0.612	-948.795	
wt	_seg_1_:41	normal;	52	0	+0.000	0	0	0	0	1	1	+405.162	+3.151	-0.001	+0.546	+11.455	
wt	42	normal;	182	1	+0.000	0	1	0	0	1	1	+144.058	+0.013	-0.001	+0.486	+45.125	
wt	_seg_0_:42	normal;	176	0	+0.000	1	1	0	0	1	1	+220.496	+0.013	-0.001	+0.808	-28.998	
wt	0	_none_	181	3	+0.014	1	1	0	0	1	0	+142.162	-0.004	-0.001	+0.588	-53.877	
wt	_seg_0_:0	_none_	36	0	+0.014	0	2	0	0	1	1	+120.048	+0.047	-0.001	+0.938	+3.979	
wt	_seg_1_:0	_none_	60	0	+0.014	0	0	0	0	1	0	+144.058	+0.433	-0.001	+0.393	+10.983	
wt	_seg_2_:0	_none_	72	0	+0.014	0	1	0	0	1	1	+139.411	+0.068	-0.000	+5.563	-29.565	
wt	1	normal;	180	3	+0.000	0	1	0	0	1	1	+150.060	-0.480	+0.010	+0.304	+17.796	
wt	_seg_0_:1	normal;	80	0	+0.000	1	0	0	0	1	1	+120.048	-6.851	+0.019	+0.499	+17.324	
wt	_seg_1_:1	normal;	44	0	+0.000	0	1	0	0	1	1	+180.072	-3.381	-0.002	+0.464	+1.636	
wt	_seg_2_:1	normal;	40	0	+0.000	0	0	0	0	1	0	+133.387	+0.204	+0.004	+12.083	-13.595	
wt	2	normal;normal;	181	2	+0.012	1	1	0	0	1	1	+154.347	+0.030	-0.001	+0.887	+3.130	
wt	_seg_0_:2	normal;normal;	68	0	+0.012	1	1	0	0	1	1	+149.025	+0.263	-0.001	+0.484	+18.600	
wt	_seg_1_:2	normal;normal;	104	0	+0.012	1	1	0	0	1	1	+381.329	+0.010	-0.001	+0.704	-5.281	
wt	3	_none_	181	3	+0.026	0	1	0	0	1	1	+133.387	+0.004	-0.001	+1.174	-199.127	
wt	_seg_0_:3	_none_	64	0	+0.026	0	1	0	0	1	1	+137.198	-0.285	-0.001	+0.509	+1.620	
wt	_seg_1_:3	_none_	48	0	+0.026	3	0	0	0	1	1	+169.480	-0.226	+0.003	+10.774	+23.810	
wt	_seg_2_:3	_none_	56	0	+0.026	0	2	0	0	1	1	+240.096	+0.081	-0.001	+4.694	-21.160	
wt	5	normal;	181	1	+0.000	0	1	0	0	1	1	+154.347	+0.084	-0.001	+0.180	+22.590	
wt	_seg_0_:5	normal;	176	0	+0.000	1	1	0	0	1	1	+154.347	+0.075	-0.001	+0.219	+16.333	
wt	6	_none_	181	3	+0.011	1	1	0	0	1	1	+140.316	+0.014	-0.001	+0.442	+95.718	
wt	_seg_0_:6	_none_	72	0	+0.011	0	2	0	0	1	1	+254.219	+0.049	-0.002	+0.754	+7.187	
wt	_seg_1_:6	_none_	60	0	+0.011	0	1	0	0	1	1	+144.058	-0.059	-0.001	+5.179	+50.250	
wt	_seg_2_:6	_none_	36	0	+0.011	0	1	0	0	1	1	+180.072	+1.291	-0.001	+0.556	+6.826	
wt	8	_none_	181	1	+0.000	2	1	0	0	1	1	+216.086	+0.021	-0.001	+2.318	-94.891	
wt	_seg_0_:8	_none_	176	0	+0.000	1	1	0	0	1	1	+138.517	+0.026	-0.001	+2.568	-74.427	
wt	9	normal;	179	2	+0.000	1	1	0	0	1	1	+140.316	+1.045	+0.029	+0.250	+20.420	
wt	_seg_0_:9	normal;	64	0	+0.000	2	0	0	0	1	1	+137.198	-0.269	+0.005	+10.728	+23.557	
wt	_seg_1_:9	normal;	104	0	+0.000	0	1	0	0	1	1	+124.665	+3.475	+0.071	+0.532	+2.733	
wt	12	normal;	173	2	+0.000	2	1	0	0	1	1	+186.281	+0.034	+0.000	+3.388	-46.454	
wt	_seg_0_:12	normal;	48	0	+0.000	0	1	0	0	1	1	+144.058	+0.053	-0.001	+1.091	-0.233	
wt	_seg_1_:12	normal;	116	0	+0.000	1	1	0	0	1	1	+189.550	+0.004	-0.001	+0.596	-111.121	
wt	16	_none_	181	2	+0.003	0	2	0	0	1	1	+161.259	+0.026	-0.001	+0.986	+1.284	
wt	_seg_0_:16	_none_	36	0	+0.003	0	1	0	0	1	1	+216.086	-0.055	-0.001	+2.963	+31.190	
wt	_seg_1_:16	_none_	136	0	+0.003	0	2	0	0	1	1	+162.065	-0.016	-0.001	+0.491	-16.582	
wt	17	_none_	181	1	+0.000	0	2	0	0	1	1	+154.347	+0.677	-0.003	+0.271	+41.633	
wt	_seg_0_:17	_none_	176	0	+0.000	0	2	0	0	1	1	+154.347	+0.452	-0.001	+0.282	+40.217	
wt	18	_none_	181	3	+0.002	0	2	0	0	1	1	+180.072	+0.019	-0.001	+2.273	-81.605	
wt	_seg_0_:18	_none_	80	0	+0.002	1	1	0	0	1	1	+123.126	+0.070	-0.001	+0.828	+3.332	
wt	_seg_1_:18	_none_	44	0	+0.002	1	0	0	0	1	0	+180.072	-0.026	-0.001	+0.679	+1.413	
wt	_seg_2_:18	_none_	44	0	+0.002	0	1	0	0	1	1	+135.054	-2.083	+0.027	+0.782	+7.104	
wt	20	_none_	181	2	+0.113	1	1	0	0	1	1	+122.776	+0.022	-0.001	+1.006	-0.247	
wt	_seg_0_:20	_none_	36	0	+0.113	0	0	0	0	1	1	+127.110	+11.591	+0.048	+0.608	+6.587	
wt	_seg_1_:20	_none_	136	0	+0.113	1	1	0	0	1	1	+120.944	+0.015	-0.001	+0.881	+2.065	
wt	21	_none_	181	2	+0.000	0	2	0	0	1	1	+229.879	+0.022	-0.001	+1.358	-29.997	
wt	_seg_0_:21	_none_	52	0	+0.000	1	0	0	0	1	0	+140.926	+0.516	-0.001	+0.482	+10.090	
wt	_seg_1_:21	_none_	120	0	+0.000	0	1	0	0	1	1	+171.497	-0.422	-0.001	+0.351	+2.473	
wt	22	normal;	181	1	+0.026	2	2	0	0	1	1	+135.054	+0.006	-0.001	+0.849	-61.991	
wt	_seg_0_:22	normal;	176	0	+0.026	0	3	0	0	1	1	+135.054	+0.007	-0.001	+0.844	-56.470	
wt	24	_none_	181	3	+0.067	4	1	0	0	1	1	+300.120	+0.090	-0.001	+0.484	+38.674	
wt	_seg_0_:24	_none_	84	0	+0.067	0	1	0	0	1	0	+300.120	+0.013	-0.001	+0.942	+7.483	
wt	_seg_1_:24	_none_	40	0	+0.067	0	1	0	0	1	0	+300.120	-0.297	+0.002	+10.778	+17.500	
wt	_seg_2_:24	_none_	44	0	+0.067	0	1	0	0	1	0	+300.120	+0.567	-0.001	+0.602	+8.610	
wt	25	normal;	180	3	+0.006	0	1	0	0	1	1	+200.080	+0.014	-0.001	+1.665	-83.992	
wt	_seg_0_:25	normal;	60	0	+0.006	0	1	0	0	1	1	+200.080	-0.044	-0.001	+0.912	+15.024	
wt	_seg_1_:25	normal;	68	0	+0.006	0	2	0	0	1	1	+160.064	-1.645	-0.001	+0.374	+1.941	
wt	_seg_2_:25	normal;	36	0	+0.006	0	0	0	0	1	0	+196.442	-9.991	-0.001	+0.578	+3.289	
wt	28	_none_	181	3	+0.000	0	1	0	0	1	1	+128.623	+0.036	-0.001	+0.867	-0.125	
wt	_seg_0_:28	_none_	64	0	+0.000	0	1	0	0	1	1	+147.751	-6.216	+0.066	+0.430	+4.135	
wt	_seg_1_:28	_none_	52	0	+0.000	0	1	0	0	1	1	+129.652	+0.085	-0.001	+3.232	-20.848	
wt	_seg_2_:28	_none_	52	0	+0.000	0	1	0	0	1	1	+135.054	-0.055	-0.001	+2.662	+30.503	
wt	29	normal;	174	2	+0.102	1	1	0	0	1	1	+158.887	-0.018	-0.001	+0.900	+47.893	
wt	_seg_0_:29	normal;	92	0	+0.102	2	0	0	0	1	0	+151.640	+0.056	-0.001	+1.003	+5.509	
wt	_seg_1_:29	normal;	72	0	+0.102	0	1	0	0	1	1	+160.064	+0.071	-0.001	+0.876	+8.438	
wt	32	normal;	181	3	+0.000	1	2	0	0	1	1	+128.623	+0.011	-0.001	+2.212	-155.087	
wt	_seg_0_:32	normal;	44	0	+0.000	0	1	0	0	1	1	+142.162	-0.108	-0.001	+6.137	+27.406	
wt	_seg_1_:32	normal;	72	0	+0.000	1	1	0	0	1	1	+130.961	-0.038	-0.001	+2.193	+65.910	
wt	_seg_2_:32	normal;	52	0	+0.000	0	1	0	0	1	1	+135.054	+0.046	-0.001	+2.723	-28.581	
wt	33	_none_	181	1	+0.105	0	2	0	0	1	1	+138.517	+0.009	-0.001	+0.989	-1.666	
wt	_seg_0_:33	_none_	176	0	+0.105	0	2	0	0	1	1	+138.517	+0.007	-0.001	+0.994	-8.013	
wt	37	normal;	181	3	+0.002	0	2	0	0	1	1	+168.818	+0.017	-0.001	+2.456	-91.957	
wt	_seg_0_:37	normal;	60	0	+0.002	1	1	0	0	1	1	+124.188	+0.002	-0.001	+0.777	+24.873	
wt	_seg_1_:37	normal;	36	0	+0.002	0	1	0	0	1	1	+240.096	+0.189	-0.001	+6.787	-10.427	
wt	_seg_2_:37	normal;	72	0	+0.002	0	1	0	0	1	1	+160.064	+0.037	-0.001	+0.845	+2.042	
wt	2	_none_	181	2	+0.002	1	1	0	0	1	1	+120.048	+0.010	-0.001	+1.476	-104.100	
wt	_seg_0_:2	_none_	40	0	+0.002	0	2	0	0	1	0	+120.048	-0.217	-0.001	+2.468	+11.752	
wt	_seg_1_:2	_none_	132	0	+0.002	0	1	0	0	1	1	+120.944	+0.001	-0.001	+0.547	+212.709	
wt	3	_none_	181	3	+0.323	1	1	0	0	1	1	+120.048	+0.022	-0.001	+1.563	-28.699	
wt	_seg_0_:3	_none_	36	0	+0.323	0	0	0	0	1	1	+127.110	+0.023	-0.001	+0.799	+9.392	
wt	_seg_1_:3	_none_	92	0	+0.323	0	1	0	0	1	1	+120.048	-0.032	-0.001	+0.991	+13.462	
wt	_seg_2_:3	_none_	40	0	+0.323	0	1	0	0	1	1	+133.387	-0.453	-0.001	+0.942	+5.018	
wt	5	_none_	181	2	+0.000	1	1	0	0	1	1	+135.054	+0.030	+0.002	+2.146	-35.575	
wt	_seg_0_:5	_none_	92	0	+0.000	0	1	0	0	1	1	+134.007	+0.046	-0.000	+6.712	-47.483	
wt	_seg_1_:5	_none_	80	0	+0.000	3	0	0	0	1	1	+133.387	+0.453	-0.001	+0.244	+18.839	
wt	10	normal;ascus;	179	3	+0.000	1	1	0	0	1	1	+229.879	+0.017	-0.001	+1.287	-140.051	
wt	_seg_0_:10	normal;ascus;	48	0	+0.000	1	0	0	0	1	0	+411.593	-7.254	+0.001	+0.433	+6.079	
wt	_seg_1_:10	normal;ascus;	48	0	+0.000	1	0	0	0	1	1	+180.072	-0.473	-0.001	+0.571	+5.082	
wt	_seg_2_:10	normal;ascus;	68	0	+0.000	0	1	0	0	1	1	+216.086	-0.006	-0.001	+0.545	+69.561	
wt	11	_none_	181	1	+0.001	0	1	0	0	1	1	+121.397	+0.096	-0.001	+0.364	+46.532	
wt	_seg_0_:11	_none_	176	0	+0.001	1	2	0	0	1	1	+121.397	+0.018	-0.001	+0.848	-7.276	
wt	12	_none_	181	2	+0.000	1	1	0	0	1	1	+130.173	+0.163	-0.001	+0.302	+36.907	
wt	_seg_0_:12	_none_	108	0	+0.000	2	1	0	0	1	1	+129.652	-0.016	-0.001	+0.843	+55.882	
wt	_seg_1_:12	_none_	64	0	+0.000	0	2	0	0	1	1	+225.973	-0.002	-0.001	+0.746	+0.303	
wt	15	ascus;normal;	176	2	+0.000	0	2	0	0	1	1	+158.887	+0.621	+0.034	+0.392	+9.204	
wt	_seg_0_:15	ascus;normal;	36	0	+0.000	0	0	0	0	1	0	+154.347	+9.089	-0.001	+0.533	+5.648	
wt	_seg_1_:15	ascus;normal;	128	0	+0.000	0	3	0	0	1	1	+240.096	+0.334	-0.001	+0.140	+15.578	
wt	17	_none_	181	1	+0.002	1	1	0	0	1	1	+196.442	+0.009	-0.001	+2.142	-169.503	
wt	_seg_0_:17	_none_	176	0	+0.002	0	2	0	0	1	1	+196.442	+0.007	-0.001	+1.054	-103.181	
wt	20	_none_	176	1	+0.001	0	1	0	0	1	1	+136.764	-0.015	-0.001	+0.632	+17.351	
wt	_seg_0_:20	_none_	168	0	+0.001	0	1	0	0	1	1	+136.764	-0.004	-0.001	+0.578	-34.642	
wt	21	_none_	178	3	+0.001	1	1	0	0	1	1	+131.760	+0.007	-0.001	+0.922	-87.585	
wt	_seg_0_:21	_none_	68	0	+0.001	1	1	0	0	1	0	+130.961	-0.011	-0.001	+0.676	+23.971	
wt	_seg_1_:21	_none_	36	0	+0.001	2	0	0	0	1	1	+240.096	-0.097	-0.001	+4.236	+22.695	
wt	_seg_2_:21	_none_	60	0	+0.001	0	1	0	0	1	1	+200.080	-1.325	-0.002	+0.422	+1.221	
wt	22	_none_	180	2	+0.819	1	1	0	0	1	1	+154.347	-0.201	-0.001	+0.560	-0.911	
wt	_seg_0_:22	_none_	36	0	+0.819	0	0	0	0	1	0	+144.058	-0.067	-0.001	+1.946	+20.704	
wt	_seg_1_:22	_none_	132	0	+0.819	0	1	0	0	1	1	+152.891	+0.006	-0.001	+1.064	+37.171	
wt	23	ascus;ascus;normal;normal;	181	2	+0.001	0	1	0	0	1	1	+128.623	+0.087	-0.001	+0.369	+42.304	
wt	_seg_0_:23	ascus;ascus;normal;normal;	92	0	+0.001	1	3	0	0	1	0	+164.637	-0.418	-0.001	+0.455	+3.833	
wt	_seg_1_:23	ascus;ascus;normal;normal;	80	0	+0.001	0	1	0	0	1	1	+129.782	-0.288	-0.001	+0.322	+2.545	
wt	24	ascus;normal;	181	3	+0.000	5	0	0	0	1	1	+216.086	+2.080	+0.095	+0.555	+13.481	
wt	_seg_0_:24	ascus;normal;	44	0	+0.000	0	0	0	0	1	1	+207.775	-0.984	-0.000	+0.603	+2.570	
wt	_seg_1_:24	ascus;normal;	60	0	+0.000	0	0	0	0	1	1	+120.048	-5.229	+0.061	+1.009	+13.113	
wt	_seg_2_:24	ascus;normal;	64	0	+0.000	0	0	0	0	1	1	+123.921	-0.025	-0.001	+0.614	+75.659	
wt	27	normal;	181	1	+0.025	1	1	0	0	1	1	+130.173	-0.003	-0.001	+0.583	-166.795	
wt	_seg_0_:27	normal;	176	0	+0.025	1	1	0	0	1	1	+142.162	+0.003	-0.001	+0.839	-50.388	
wt	28	_none_	181	3	+0.000	0	3	0	0	1	1	+257.246	+4.808	+0.034	+0.355	+10.783	
wt	_seg_0_:28	_none_	40	0	+0.000	0	0	0	0	1	1	+240.096	-11.532	-0.001	+0.579	+3.338	
wt	_seg_1_:28	_none_	60	0	+0.000	0	1	0	0	1	1	+189.550	-0.627	-0.001	+0.335	+4.885	
wt	_seg_2_:28	_none_	68	0	+0.000	0	1	0	0	1	1	+149.025	-0.042	-0.001	+3.077	+48.242	
wt	29	ascus;normal;	180	3	+0.000	2	1	0	0	1	1	+171.497	+0.197	-0.001	+0.393	+25.472	
wt	_seg_0_:29	ascus;normal;	60	0	+0.000	0	1	0	0	1	0	+171.497	-0.103	-0.001	+5.992	+36.136	
wt	_seg_1_:29	ascus;normal;	60	0	+0.000	2	1	0	0	1	1	+240.096	-0.680	-0.001	+0.455	+2.614	
wt	_seg_2_:29	ascus;normal;	44	0	+0.000	0	0	0	0	1	1	+122.776	+0.230	+0.003	+13.022	-10.606	
wt	30	normal;ascus;	181	1	+0.000	0	1	0	0	1	1	+125.632	+0.008	-0.001	+1.078	-180.299	
wt	_seg_0_:30	normal;ascus;	176	0	+0.000	0	1	0	0	1	1	+125.632	-0.000	-0.001	+1.060	+10424.507	
wt	3	_none_	181	2	+0.001	0	2	0	0	1	1	+192.934	+0.022	-0.001	+0.955	-10.438	
wt	_seg_0_:3	_none_	36	0	+0.001	1	0	0	0	1	0	+180.072	-1.324	-0.001	+0.529	+2.286	
wt	_seg_1_:3	_none_	136	0	+0.001	1	1	0	0	1	1	+184.165	+0.005	-0.001	+0.977	-103.227	
wt	4	_none_	181	2	+0.002	0	1	0	0	1	1	+166.220	+0.186	-0.001	+0.454	+41.284	
wt	_seg_0_:4	_none_	100	0	+0.002	0	1	0	0	1	1	+166.733	-0.026	-0.001	+0.927	+12.977	
wt	_seg_1_:4	_none_	72	0	+0.002	0	1	0	0	1	1	+130.961	+0.020	-0.001	+0.688	-6.864	
wt	11	_none_	181	2	+0.001	0	1	0	0	1	1	+177.120	+0.010	-0.001	+0.840	-36.679	
wt	_seg_0_:11	_none_	52	0	+0.001	0	1	0	0	1	1	+170.595	-0.004	-0.001	+0.480	-151.192	
wt	_seg_1_:11	_none_	120	0	+0.001	0	1	0	0	1	1	+120.048	-1.078	-0.001	+0.403	+2.370	
wt	12	_none_	181	3	+0.020	2	1	0	0	1	1	+166.220	+0.014	-0.001	+1.393	-43.082	
wt	_seg_0_:12	_none_	40	0	+0.020	0	1	0	0	1	1	+120.048	-10.471	+0.062	+0.809	+3.132	
wt	_seg_1_:12	_none_	40	0	+0.020	0	1	0	0	1	1	+133.387	-2.372	+0.027	+0.400	+3.485	
wt	_seg_2_:12	_none_	88	0	+0.020	2	1	0	0	1	1	+207.775	+0.033	-0.001	+1.692	-26.025	
wt	13	_none_	181	2	+0.099	3	2	0	0	1	1	+133.387	+0.023	-0.000	+3.045	-62.787	
wt	_seg_0_:13	_none_	56	0	+0.099	0	0	0	0	1	0	+133.387	+0.041	-0.001	+2.879	-30.795	
wt	_seg_1_:13	_none_	116	0	+0.099	0	2	0	0	1	1	+160.064	+0.011	-0.001	+2.427	-124.527	
wt	15	_none_	181	1	+0.001	0	1	0	0	1	1	+131.760	+0.030	-0.001	+0.961	-4.362	
wt	_seg_0_:15	_none_	176	0	+0.001	1	2	0	0	1	1	+131.760	+0.029	+0.000	+2.143	-43.184	
wt	16	normal;	181	1	+0.202	1	2	0	0	1	1	+211.849	-0.006	-0.001	+0.748	-17.966	
wt	_seg_0_:16	normal;	176	0	+0.202	2	1	0	0	1	1	+211.849	-0.007	-0.001	+0.738	-15.286	
wt	20	_none_	181	1	+0.001	1	1	0	0	1	1	+166.220	+0.240	-0.001	+0.343	+41.919	
wt	_seg_0_:20	_none_	176	0	+0.001	0	2	0	0	1	1	+166.220	+0.249	-0.001	+0.344	+40.642	
wt	22	_none_	181	3	+0.013	1	1	0	0	1	1	+146.004	-0.005	-0.001	+0.888	+89.228	
wt	_seg_0_:22	_none_	40	0	+0.013	0	2	0	0	1	0	+120.048	-0.131	-0.001	+3.395	+20.827	
wt	_seg_1_:22	_none_	36	0	+0.013	1	0	0	0	1	0	+166.220	-0.332	+0.001	+10.758	+15.915	
wt	_seg_2_:22	_none_	92	0	+0.013	0	2	0	0	1	1	+164.637	+0.433	-0.001	+0.522	+21.891	
wt	23	normal;	181	2	+0.009	1	2	0	0	1	1	+220.496	+0.022	+0.002	+2.626	-64.985	
wt	_seg_0_:23	normal;	44	0	+0.009	0	0	0	0	1	0	+207.775	+0.036	-0.001	+1.361	-5.092	
wt	_seg_1_:23	normal;	128	0	+0.009	0	1	0	0	1	1	+144.964	-0.039	-0.001	+0.978	+36.989	
wt	24	_none_	178	2	+0.002	4	2	0	0	1	1	+138.517	+0.016	-0.001	+0.813	-19.862	
wt	_seg_0_:24	_none_	48	0	+0.002	2	0	0	0	1	1	+221.627	-0.336	-0.001	+1.779	+10.210	
wt	_seg_1_:24	_none_	120	0	+0.002	1	1	0	0	1	1	+124.188	+0.019	-0.001	+1.035	-5.487	
wt	25	_none_	181	3	+0.000	0	1	0	0	1	1	+150.060	-0.004	-0.001	+0.847	+203.312	
wt	_seg_0_:25	_none_	60	0	+0.000	0	1	0	0	1	1	+150.060	-0.364	-0.001	+0.515	+6.343	
wt	_seg_1_:25	_none_	40	0	+0.000	0	1	0	0	1	1	+120.048	-0.936	-0.001	+0.367	+2.623	
wt	_seg_2_:25	_none_	68	0	+0.000	0	1	0	0	1	1	+144.058	-8.497	+0.087	+0.522	+3.058	
wt	26	_none_	170	3	+0.010	1	2	0	0	1	1	+196.442	+0.004	-0.001	+0.784	+31.448	
wt	_seg_0_:26	_none_	44	0	+0.010	0	0	0	0	1	0	+128.623	-0.071	-0.001	+0.755	+5.809	
wt	_seg_1_:26	_none_	48	0	+0.010	2	0	0	0	1	1	+192.077	-0.304	-0.001	+0.689	+3.224	
wt	_seg_2_:26	_none_	64	0	+0.010	0	2	0	0	1	1	+225.973	-0.202	-0.001	+0.409	+5.088	
wt	29	_none_	181	3	+0.468	2	1	0	0	1	1	+168.818	-0.000	-0.001	+0.770	+54.973	
wt	_seg_0_:29	_none_	56	0	+0.468	0	0	0	0	1	0	+120.048	-0.342	-0.001	+0.498	+0.927	
wt	_seg_1_:29	_none_	36	0	+0.468	0	0	0	0	1	0	+166.220	-0.030	-0.001	+1.348	+11.258	
wt	_seg_2_:29	_none_	76	0	+0.468	1	2	0	0	1	1	+145.219	+0.079	-0.001	+0.918	-0.422	
wt	32	_none_	181	3	+0.004	0	1	0	0	1	1	+125.632	+0.035	+0.000	+6.564	-57.962	
wt	_seg_0_:32	_none_	64	0	+0.004	0	1	0	0	1	1	+142.279	+0.031	-0.001	+0.932	+6.728	
wt	_seg_1_:32	_none_	36	0	+0.004	1	0	0	0	1	0	+127.110	+1.143	+0.079	+23.901	-1.826	
wt	_seg_2_:32	_none_	68	0	+0.004	0	1	0	0	1	1	+127.110	-0.299	-0.001	+0.643	+6.859	
wt	34	_none_	181	3	+0.023	3	3	0	0	1	0	+140.316	+0.004	-0.001	+1.134	-143.814	
wt	_seg_0_:34	_none_	64	0	+0.023	0	0	0	0	1	0	+128.051	+1.137	-0.001	+0.421	+13.171	
wt	_seg_1_:34	_none_	52	0	+0.023	0	0	0	0	1	1	+140.926	-0.052	-0.001	+2.899	+37.812	
wt	_seg_2_:34	_none_	52	0	+0.023	3	0	0	0	1	1	+270.108	-0.230	+0.002	+10.143	+23.001	
wt	37	_none_	181	1	+0.021	0	2	0	0	1	1	+174.263	+0.020	-0.001	+0.916	+4.048	
wt	_seg_0_:37	_none_	176	0	+0.021	2	2	0	0	1	1	+174.263	+0.021	-0.001	+1.046	-6.449	
wt	38	normal;	181	2	+0.000	0	1	0	0	1	1	+122.776	+5.740	+0.055	+0.438	+33.677	
wt	_seg_0_:38	normal;	132	0	+0.000	0	1	0	0	1	1	+122.776	-0.024	-0.001	+0.893	+19.337	
wt	_seg_1_:38	normal;	40	0	+0.000	0	1	0	0	1	1	+160.064	-0.042	-0.001	+1.862	+35.106	
wt	40	normal;	181	2	+0.094	0	1	0	0	1	1	+168.818	-0.066	-0.001	+0.559	+9.025	
wt	_seg_0_:40	normal;	88	0	+0.094	1	1	0	0	1	1	+120.048	-0.049	-0.001	+3.666	+51.839	
wt	_seg_1_:40	normal;	84	0	+0.094	0	1	0	0	1	1	+234.877	+0.009	-0.001	+0.943	+10.829	
wt	42	_none_	181	1	+0.000	0	1	0	0	1	1	+128.623	+0.012	-0.001	+0.650	-13.677	
wt	_seg_0_:42	_none_	176	0	+0.000	0	1	0	0	1	1	+133.387	+0.020	-0.001	+0.693	-6.720	
wt	47	normal;	171	3	+0.000	0	1	0	0	1	1	+136.764	+0.017	-0.001	+0.741	-38.382	
wt	_seg_0_:47	normal;	36	0	+0.000	0	1	0	0	1	1	+135.054	+6.497	-0.001	+0.321	+6.839	
wt	_seg_1_:47	normal;	56	0	+0.000	1	0	0	0	1	0	+138.517	+0.034	-0.001	+0.855	-18.923	
wt	_seg_2_:47	normal;	64	0	+0.000	0	1	0	0	1	1	+120.048	+0.082	-0.001	+7.059	-25.574	
wt	3	normal;	181	3	+0.000	0	1	0	0	1	1	+154.347	+0.022	-0.001	+0.848	-6.757	
wt	_seg_0_:3	normal;	36	0	+0.000	0	1	0	0	1	1	+120.048	+0.899	+0.003	+9.499	-1.411	
wt	_seg_1_:3	normal;	40	0	+0.000	0	1	0	0	1	1	+141.233	-0.036	-0.001	+1.241	+6.604	
wt	_seg_2_:3	normal;	92	0	+0.000	0	1	0	0	1	1	+120.048	+0.069	-0.001	+2.808	-26.365	
wt	4	normal;	181	2	+0.072	2	1	0	0	1	1	+177.120	+0.020	-0.001	+0.966	+4.433	
wt	_seg_0_:4	normal;	84	0	+0.072	0	1	0	0	1	1	+128.623	-0.040	-0.001	+6.044	+71.609	
wt	_seg_1_:4	normal;	88	0	+0.072	1	3	0	0	1	1	+154.347	+0.000	-0.001	+1.025	+5.171	
wt	8	normal;	181	3	+0.254	0	1	0	0	1	1	+130.173	+0.005	-0.001	+1.092	-107.291	
wt	_seg_0_:8	normal;	92	0	+0.254	2	1	0	0	1	1	+151.640	-0.009	-0.001	+1.266	+56.169	
wt	_seg_1_:8	normal;	40	0	+0.254	1	0	0	0	1	0	+150.060	+0.053	-0.001	+1.132	-3.117	
wt	_seg_2_:8	normal;	36	0	+0.254	0	2	0	0	1	0	+270.108	-0.324	-0.001	+1.393	+5.511	
wt	13	normal;	179	3	+0.010	0	1	0	0	1	1	+133.387	-0.007	-0.001	+1.267	+168.683	
wt	_seg_0_:13	normal;	92	0	+0.010	0	1	0	0	1	1	+120.048	-0.080	+0.001	+9.009	+54.735	
wt	_seg_1_:13	normal;	36	0	+0.010	1	0	0	0	1	1	+154.347	+1.288	+0.024	+8.977	-0.638	
wt	_seg_2_:13	normal;	36	0	+0.010	0	0	0	0	1	0	+154.347	-1.501	-0.001	+0.729	+2.611	
wt	15	normal;	181	3	+0.000	0	1	0	0	1	1	+120.048	+0.013	-0.001	+1.521	-93.417	
wt	_seg_0_:15	normal;	84	0	+0.000	0	1	0	0	1	1	+174.263	+0.010	-0.001	+0.710	-8.037	
wt	_seg_1_:15	normal;	48	0	+0.000	0	1	0	0	1	1	+160.064	-3.375	-0.001	+0.372	+1.801	
wt	_seg_2_:15	normal;	36	0	+0.000	0	1	0	0	1	1	+120.048	-7.985	+0.042	+0.496	+2.947	
wt	17	normal;normal;ascus;	178	3	+0.015	0	1	0	0	1	1	+150.060	+0.029	-0.001	+0.924	-1.363	
wt	_seg_0_:17	normal;normal;ascus;	60	0	+0.015	0	1	0	0	1	1	+150.060	-0.139	+0.004	+11.772	+34.151	
wt	_seg_1_:17	normal;normal;ascus;	44	0	+0.015	1	0	0	0	1	1	+122.776	+0.018	-0.001	+0.851	+2.544	
wt	_seg_2_:17	normal;normal;ascus;	60	0	+0.015	2	3	0	0	1	1	+150.060	-0.133	+0.000	+9.034	+32.900	
wt	19	normal;	181	3	+0.006	0	2	0	0	1	1	+131.760	-0.003	-0.001	+0.779	+63.528	
wt	_seg_0_:19	normal;	80	0	+0.006	0	1	0	0	1	1	+177.849	-0.047	-0.001	+3.232	+49.081	
wt	_seg_1_:19	normal;	52	0	+0.006	2	0	0	0	1	0	+147.332	+1.337	+0.042	+12.494	-0.873	
wt	_seg_2_:19	normal;	36	0	+0.006	0	0	0	0	1	1	+270.108	-0.209	-0.001	+5.082	+14.452	
wt	24	normal;	181	1	+0.005	2	2	0	0	1	0	+180.072	-0.004	-0.001	+0.423	-204.884	
wt	_seg_0_:24	normal;	176	0	+0.005	1	1	0	0	1	0	+180.072	+0.001	-0.001	+0.640	-108.914	
wt	9	_none_	181	1	+0.421	1	2	0	0	1	1	+122.776	+0.013	-0.001	+1.094	-6.071	
wt	_seg_0_:9	_none_	176	0	+0.421	2	2	0	0	1	1	+122.776	+0.089	-0.001	+0.545	+42.310	
wt	15	normal;	181	3	+0.004	2	2	0	0	1	1	+120.048	-0.001	-0.001	+0.666	+418.513	
wt	_seg_0_:15	normal;	72	0	+0.004	0	0	0	0	1	0	+144.058	+0.717	-0.001	+0.311	+15.341	
wt	_seg_1_:15	normal;	36	0	+0.004	0	0	0	0	1	0	+120.048	+0.038	-0.001	+1.703	-12.599	
wt	_seg_2_:15	normal;	60	0	+0.004	1	1	0	0	1	1	+144.058	-0.068	-0.001	+5.835	+45.525	
wt	18	normal;	179	3	+0.001	2	1	0	0	1	1	+133.387	-0.007	-0.001	+0.734	+66.844	
wt	_seg_0_:18	normal;	80	0	+0.001	0	1	0	0	1	1	+123.126	-0.016	-0.001	+0.817	+15.892	
wt	_seg_1_:18	normal;	36	0	+0.001	2	0	0	0	1	0	+135.054	-0.032	-0.001	+1.961	+48.264	
wt	_seg_2_:18	normal;	48	0	+0.001	2	0	0	0	1	1	+180.072	+0.046	-0.001	+0.734	-5.543	
wt	21	normal;	177	3	+0.055	0	1	0	0	1	1	+138.517	+0.006	-0.001	+1.625	-189.702	
wt	_seg_0_:21	normal;	56	0	+0.055	0	2	0	0	1	1	+138.517	-0.016	-0.001	+0.808	-7.467	
wt	_seg_1_:21	normal;	36	0	+0.055	0	1	0	0	1	1	+120.048	+0.152	-0.001	+7.958	-14.009	
wt	_seg_2_:21	normal;	72	0	+0.055	0	1	0	0	1	1	+139.411	+0.010	-0.001	+0.728	+17.213	
wt	22	ascus;normal;	176	2	+0.000	0	2	0	0	1	1	+150.060	+0.118	-0.001	+0.637	+15.552	
wt	_seg_0_:22	ascus;normal;	96	0	+0.000	1	1	0	0	1	1	+125.267	+0.127	-0.001	+0.566	+13.599	
wt	_seg_1_:22	ascus;normal;	68	0	+0.000	0	1	0	0	1	1	+123.478	-0.001	-0.001	+0.931	+0.812	
wt	24	normal;	187	1	+0.000	0	3	0	0	1	1	+205.797	+5.516	+0.039	+0.410	+4.743	
wt	_seg_0_:24	normal;	180	0	+0.000	2	1	0	0	1	1	+300.120	+4.336	+0.036	+0.383	+3.800	
wt	3	_none_	181	2	+0.031	1	2	0	0	1	1	+124.188	+0.048	-0.001	+0.474	+42.175	
wt	_seg_0_:3	_none_	92	0	+0.031	0	1	0	0	1	1	+128.051	-0.026	-0.001	+1.485	+48.600	
wt	_seg_1_:3	_none_	80	0	+0.031	0	1	0	0	1	1	+192.077	-0.054	-0.001	+4.938	+60.865	
wt	5	normal;	181	1	+0.001	0	1	0	0	1	1	+135.054	-0.024	+0.001	+9.113	+163.852	
wt	_seg_0_:5	normal;	176	0	+0.001	0	1	0	0	1	1	+135.054	-0.023	+0.000	+8.291	+161.733	
wt	8	normal;	181	3	+0.007	1	1	0	0	1	1	+130.173	+0.001	-0.001	+0.737	-12.309	
wt	_seg_0_:8	normal;	64	0	+0.007	0	1	0	0	1	1	+160.064	-0.398	-0.001	+0.635	+5.530	
wt	_seg_1_:8	normal;	36	0	+0.007	0	0	0	0	1	1	+196.442	+0.866	-0.001	+0.529	+7.587	
wt	_seg_2_:8	normal;	68	0	+0.007	0	1	0	0	1	1	+187.901	-0.087	-0.000	+6.633	+43.542	
wt	11	_none_	181	2	+0.022	0	2	0	0	1	1	+163.702	+0.019	-0.001	+0.899	-2.401	
wt	_seg_0_:11	_none_	92	0	+0.022	0	1	0	0	1	1	+164.637	-0.103	-0.001	+0.587	+0.843	
wt	_seg_1_:11	_none_	80	0	+0.022	0	1	0	0	1	1	+192.077	-0.146	+0.010	+13.246	+38.841	
wt	12	_none_	170	2	+0.288	1	2	0	0	1	1	+152.174	+0.026	-0.000	+3.807	-62.777	
wt	_seg_0_:12	_none_	104	0	+0.288	0	1	0	0	1	1	+150.758	+0.023	-0.001	+2.708	-54.956	
wt	_seg_1_:12	_none_	56	0	+0.288	0	1	0	0	1	1	+150.060	-0.090	-0.000	+7.949	+38.100	
wt	14	normal;	181	2	+0.001	1	1	0	0	1	1	+120.048	+0.014	-0.001	+0.741	-17.392	
wt	_seg_0_:14	normal;	104	0	+0.001	0	1	0	0	1	1	+120.048	-0.013	-0.001	+0.750	+50.410	
wt	_seg_1_:14	normal;	68	0	+0.001	0	1	0	0	1	1	+130.961	-0.119	+0.000	+5.729	+35.041	
wt	15	normal;	180	2	+0.000	2	1	0	0	1	1	+166.220	-0.012	-0.001	+3.269	+229.326	
wt	_seg_0_:15	normal;	108	0	+0.000	1	1	0	0	1	1	+209.116	-0.090	-0.001	+0.411	-0.480	
wt	_seg_1_:15	normal;	60	0	+0.000	0	1	0	0	1	1	+180.072	-12.050	+0.111	+0.758	+11.340	
